title,brand,price,original_price,discount,in_stock,product_url,image_url,local_image
Apple iPhone Duo 256GB PTA Approved,Apple,"Rs.999,599.00","Rs.1,100,000.00",-9%,In Stock,https://telex.pk/products/apple-iphone-duo-256gb-pta-approved-with-official-warranty,https://cdn.shopify.com/s/files/1/0830/0897/9164/files/images_72f90686-2116-400b-be8e-aadc05c319b6.jpg?v=1789062255,telex_output/images/001_Apple_iPhone_Duo_256GB_PTA_Approved.jpg
Samsung Galaxy Z Fold 8 Ultra Dual Sim Non PTA,Samsung,"Rs.487,999.00","Rs.510,000.00",-4%,In Stock,https://telex.pk/products/samsung-galaxy-z-fold-8-ultra-dual-sim-non-pta,https://cdn.shopify.com/s/files/1/0830/0897/9164/files/Samsung-Galaxy-Z-Fold-8-Ultra-5G-Graphite-2.png?v=1789211543,telex_output/images/002_Samsung_Galaxy_Z_Fold_8_Ultra_Dual_Sim_Non_PTA.png
Apple iPhone 18 Pro 256GB PTA Approved,Apple,"Rs.684,999.00","Rs.800,000.00",-14%,In Stock,https://telex.pk/products/apple-iphone-18-pro-256gb-pta-approved-with-official-warranty,https://cdn.shopify.com/s/files/1/0830/0897/9164/files/dfsfdfdfadffdaf_4_836a18c7-4d7d-4c63-b362-4fbe320ecaeb.jpg?v=1789065556,telex_output/images/003_Apple_iPhone_18_Pro_256GB_PTA_Approved.jpg
Tecno Spark Go 3 Dual Sim With Official Warranty,Tecno,"Rs.38,499.00","Rs.45,000.00",-14%,In Stock,https://telex.pk/products/tecno-spark-go-3-dual-sim-with-official-warranty,https://cdn.shopify.com/s/files/1/0830/0897/9164/files/lg_1HR9FPoMgLrsndZdgaZEz4fs2n5ky2HlQ0SWqCXK.jpg?v=1781257142,telex_output/images/004_Tecno_Spark_Go_3_Dual_Sim_With_Official_Warranty.jpg
Apple iPhone 18 Pro Max 256GB PTA Approved,Apple,"Rs.719,999.00","Rs.870,000.00",-17%,In Stock,https://telex.pk/products/apple-iphone-18-pro-max-256gb-pta-approved-with-official-warranty,https://cdn.shopify.com/s/files/1/0830/0897/9164/files/dfsfdfdfadffdaf_4_836a18c7-4d7d-4c63-b362-4fbe320ecaeb.jpg?v=1789065556,telex_output/images/005_Apple_iPhone_18_Pro_Max_256GB_PTA_Approved.jpg
Xiaomi Redmi A5 Dual Sim With Official Warranty,Xiaomi,"Rs.33,999.00","Rs.35,000.00",-3%,In Stock,https://telex.pk/products/xiaomi-redmi-a5-dual-sim-with-official-warranty,https://cdn.shopify.com/s/files/1/0830/0897/9164/files/lg_fQRJ3eG1UZtqIieMYn9y56cSc9d3tX6HDcABvR8F.jpg?v=1783154610,telex_output/images/006_Xiaomi_Redmi_A5_Dual_Sim_With_Official_Warranty.jpg
Samsung Galaxy Tab A11 WiFi,Samsung,"Rs.53,499.00","Rs.46,000.00",,In Stock,https://telex.pk/products/samsung-galaxy-tab-a11-4gb-64gb-wifi,https://cdn.shopify.com/s/files/1/0830/0897/9164/files/lg_dNj1S1oy5jC3IthFORn1jpkxcFeoa5SZ8LcRFl20.jpg?v=1783342460,telex_output/images/007_Samsung_Galaxy_Tab_A11_WiFi.jpg
Infinix Smart 20 Dual Sim With Official Warranty,Infinix,"Rs.39,699.00","Rs.48,000.00",-17%,In Stock,https://telex.pk/products/infinix-smart-20-dual-sim-with-official-warranty,https://cdn.shopify.com/s/files/1/0830/0897/9164/files/lg_wSVzgOmv2DP0l3nneC4zwGpQgaqiKOBQQtjNfVit.jpg?v=1783683788,telex_output/images/008_Infinix_Smart_20_Dual_Sim_With_Official_Warranty.jpg
Samsung Galaxy S26 Ultra Dual Sim With Official Warranty,Samsung,"Rs.386,999.00","Rs.400,000.00",-3%,In Stock,https://telex.pk/products/samsung-galaxy-s26-ultra-dual-sim-with-official-warranty,https://cdn.shopify.com/s/files/1/0830/0897/9164/files/samsung-galaxy-s26-ultra-pakistan-priceoye-is7vv-5.jpg?v=1781204180,telex_output/images/009_Samsung_Galaxy_S26_Ultra_Dual_Sim_With_Official_Warranty.jpg
Apple iPhone 17 Pro PTA Approved With Official Warranty,Apple,"Rs.519,999.00","Rs.710,000.00",-27%,In Stock,https://telex.pk/products/apple-iphone-17-pro-pta-approved-with-official-warranty,https://cdn.shopify.com/s/files/1/0830/0897/9164/files/lg_r8CHcbT6JygYKEj8OXxvTuEJh9wIr6CSAcRWSXDo.jpg?v=1783576265,telex_output/images/010_Apple_iPhone_17_Pro_PTA_Approved_With_Official_Warranty.jpg
Samsung Galaxy A27 5G Dual Sim with Official Warranty,Samsung,"Rs.114,999.00","Rs.130,000.00",-12%,In Stock,https://telex.pk/products/samsung-galaxy-a27-5g-dual-sim-with-official-warranty,https://cdn.shopify.com/s/files/1/0830/0897/9164/files/samsung-galaxy-a27-fiveg-pakistan-priceoye-8okvn-500x500.webp?v=1787044006,telex_output/images/011_Samsung_Galaxy_A27_5G_Dual_Sim_with_Official_Warranty.webp
ZTE Nubia A56 Dual Sim With Official Warranty,ZTE Mobiles,"Rs.31,749.00","Rs.32,000.00",-1%,In Stock,https://telex.pk/products/zte-nubia-a56-dual-sim-with-official-warranty,https://cdn.shopify.com/s/files/1/0830/0897/9164/files/lg_H5M0237Yl8xCuhvhTYZCsS8cgotgoS2BswJHOotI.jpg?v=1781283852,telex_output/images/012_ZTE_Nubia_A56_Dual_Sim_With_Official_Warranty.jpg
Xiaomi Redmi Note 14 Pro Dual Sim With Official Warranty,Xiaomi,"Rs.76,499.00","Rs.80,000.00",-4%,In Stock,https://telex.pk/products/xiaomi-redmi-note-14-pro-dual-sim-with-official-warranty,https://cdn.shopify.com/s/files/1/0830/0897/9164/files/lg_ToGyYzQg67dywMWNmS9RuP7CnK5BlQsNBU9BgNrQ.jpg?v=1781243755,telex_output/images/013_Xiaomi_Redmi_Note_14_Pro_Dual_Sim_With_Official_Warranty.jpg
Oppo A6S Dual Sim With Official Warranty,Oppo,"Rs.85,199.00","Rs.95,000.00",-10%,In Stock,https://telex.pk/products/oppo-a6s-dual-sim-with-official-warranty,https://cdn.shopify.com/s/files/1/0830/0897/9164/files/lg_vLyq3PETdeWIAOs3N7RuE3fSB7TamWt4RBX85H5N.jpg?v=1781262236,telex_output/images/014_Oppo_A6S_Dual_Sim_With_Official_Warranty.jpg
Apple iPhone Duo 512GB PTA Approved,Apple,"Rs.1,079,599.00","Rs.1,200,000.00",-10%,In Stock,https://telex.pk/products/apple-iphone-duo-512gb-pta-approved-with-official-warranty,https://cdn.shopify.com/s/files/1/0830/0897/9164/files/images_c5e794d9-db2b-4c95-a918-0b755e390959.jpg?v=1789062558,telex_output/images/015_Apple_iPhone_Duo_512GB_PTA_Approved.jpg
Apple iPhone Duo 1TB PTA Approved,Apple,"Rs.1,239,599.00","Rs.1,400,000.00",-11%,In Stock,https://telex.pk/products/apple-iphone-duo-1tb-pta-approved-with-official-warranty,https://cdn.shopify.com/s/files/1/0830/0897/9164/files/images_72f90686-2116-400b-be8e-aadc05c319b6.jpg?v=1789062255,telex_output/images/016_Apple_iPhone_Duo_1TB_PTA_Approved.jpg
Apple iPhone Duo 2TB PTA Approved,Apple,"Rs.1,479,599.00","Rs.1,650,000.00",-10%,In Stock,https://telex.pk/products/apple-iphone-duo-2tb-pta-approved-with-official-warranty,https://cdn.shopify.com/s/files/1/0830/0897/9164/files/images_c5e794d9-db2b-4c95-a918-0b755e390959.jpg?v=1789062558,telex_output/images/017_Apple_iPhone_Duo_2TB_PTA_Approved.jpg
Apple iPhone 18 Pro 512GB PTA Approved,Apple,"Rs.759,999.00","Rs.910,000.00",-16%,In Stock,https://telex.pk/products/apple-iphone-18-pro-512gb-pta-approved-with-official-warranty,https://cdn.shopify.com/s/files/1/0830/0897/9164/files/dfsfdfdfadffdaf_5_c7c5c9db-96e5-4ea7-b6c6-10f012e29e0f.jpg?v=1789066145,telex_output/images/018_Apple_iPhone_18_Pro_512GB_PTA_Approved.jpg
Apple iPhone 18 Pro 1TB PTA Approved,Apple,"Rs.709,999.00","Rs.1,150,000.00",-38%,In Stock,https://telex.pk/products/apple-iphone-18-pro-1tb-pta-approved-with-official-warranty,https://cdn.shopify.com/s/files/1/0830/0897/9164/files/IMG-21440547_m_jpeg_1_2e076fa9-727d-4f13-a62d-e860b335facd.webp?v=1789067134,telex_output/images/019_Apple_iPhone_18_Pro_1TB_PTA_Approved.webp
Apple iPhone 18 Pro 2TB PTA Approved,Apple,"Rs.1,099,999.00","Rs.1,350,000.00",-19%,In Stock,https://telex.pk/products/apple-iphone-18-pro-2tb-pta-approved-with-official-warranty,https://cdn.shopify.com/s/files/1/0830/0897/9164/files/dfsfdfdfadffdaf_7_dfedf134-f7c7-411e-8577-c8d3d002a94f.jpg?v=1789067236,telex_output/images/020_Apple_iPhone_18_Pro_2TB_PTA_Approved.jpg
Apple iPhone 18 Pro Max 512GB PTA Approved,Apple,"Rs.789,999.00","Rs.980,000.00",-19%,In Stock,https://telex.pk/products/apple-iphone-18-pro-max-512gb-pta-approved-with-official-warranty,https://cdn.shopify.com/s/files/1/0830/0897/9164/files/dfsfdfdfadffdaf_5_c7c5c9db-96e5-4ea7-b6c6-10f012e29e0f.jpg?v=1789066145,telex_output/images/021_Apple_iPhone_18_Pro_Max_512GB_PTA_Approved.jpg
Apple iPhone 18 Pro Max 1TB PTA Approved,Apple,"Rs.929,999.00","Rs.1,180,000.00",-21%,In Stock,https://telex.pk/products/apple-iphone-18-pro-max-1tb-pta-approved-with-official-warranty,https://cdn.shopify.com/s/files/1/0830/0897/9164/files/IMG-21440547_m_jpeg_1_2e076fa9-727d-4f13-a62d-e860b335facd.webp?v=1789067134,telex_output/images/022_Apple_iPhone_18_Pro_Max_1TB_PTA_Approved.webp
Apple iPhone 18 Pro Max 2TB PTA Approved,Apple,"Rs.1,144,999.00","Rs.1,400,000.00",-18%,In Stock,https://telex.pk/products/apple-iphone-18-pro-max-2tb-pta-approved-with-official-warranty,https://cdn.shopify.com/s/files/1/0830/0897/9164/files/dfsfdfdfadffdaf_7_dfedf134-f7c7-411e-8577-c8d3d002a94f.jpg?v=1789067236,telex_output/images/023_Apple_iPhone_18_Pro_Max_2TB_PTA_Approved.jpg
Realme Note 60x Dual Sim With Official Warranty,Realme,"Rs.30,399.00","Rs.32,000.00",-5%,In Stock,https://telex.pk/products/realme-note-60x-dual-sim-with-official-warranty,https://cdn.shopify.com/s/files/1/0830/0897/9164/files/lg_BzDqqNEtHg8lUswMnq05Ba2UwEhDYKk2eVCoAY2M.jpg?v=1781217690,telex_output/images/024_Realme_Note_60x_Dual_Sim_With_Official_Warranty.jpg
Vivo Y05 Dual Sim With Official Warranty,Vivo,"Rs.41,899.00","Rs.42,000.00",-0%,In Stock,https://telex.pk/products/vivo-y05-dual-sim-with-official-warranty,https://cdn.shopify.com/s/files/1/0830/0897/9164/files/vivo-y05-pakistan-priceoye-dfry8-500x500.jpg?v=1781263353,telex_output/images/025_Vivo_Y05_Dual_Sim_With_Official_Warranty.jpg
Realme 16 5G Dual Sim With Official Warranty,Realme,"Rs.118,999.00","Rs.125,000.00",-5%,In Stock,https://telex.pk/products/realme-16-5g-dual-sim-with-official-warranty,https://cdn.shopify.com/s/files/1/0830/0897/9164/files/lg_NsTVlGzUUzSp5C89ARLHh7z48mrTYTrB8cduCdOd.jpg?v=1781243057,telex_output/images/026_Realme_16_5G_Dual_Sim_With_Official_Warranty.jpg
Apple iPhone 17 Pro Max PTA Approved With Official Warranty,Apple,"Rs.554,999.00","Rs.749,000.00",-26%,In Stock,https://telex.pk/products/apple-iphone-17-pro-max-pta-approved-with-official-warranty,https://cdn.shopify.com/s/files/1/0830/0897/9164/files/lg_vvvV1otngUzW75N36uxHXgRyIcjYDq1TBwlx7tgR.jpg?v=1783577949,telex_output/images/027_Apple_iPhone_17_Pro_Max_PTA_Approved_With_Official_Warranty.jpg
Apple iPhone 17 PTA Approved With Official Warranty,Apple,"Rs.397,999.00","Rs.485,499.00",-18%,In Stock,https://telex.pk/products/apple-iphone-17-pta-approved-with-official-warranty,https://cdn.shopify.com/s/files/1/0830/0897/9164/files/lg_4LpGBbA1f4SgZSQqEoakzgNPb1gArPqhLcGAJHUB.jpg?v=1783585007,telex_output/images/028_Apple_iPhone_17_PTA_Approved_With_Official_Warranty.jpg
Nothing Phone 4a Pro Dual Sim With Official Warranty,Nothing,"Rs.236,999.00","Rs.247,649.00",-4%,In Stock,https://telex.pk/products/nothing-phone-4a-pro-dual-sim-with-official-warranty,https://cdn.shopify.com/s/files/1/0830/0897/9164/files/lg_eSDukUnKLzDPhGcOkyT3msLXWXqQqrW6VfEDQbYd.jpg?v=1781333686,telex_output/images/029_Nothing_Phone_4a_Pro_Dual_Sim_With_Official_Warranty.jpg
Honor X5c Plus Dual Sim With Official Warranty,Honor,"Rs.35,499.00","Rs.38,500.00",-8%,In Stock,https://telex.pk/products/honor-x5c-plus-dual-sim-with-official-warranty,https://cdn.shopify.com/s/files/1/0830/0897/9164/files/lg_FwNydlb1ohiR1jVgsYo6oVGBHFJg301InAMlWdrO.jpg?v=1781337572,telex_output/images/030_Honor_X5c_Plus_Dual_Sim_With_Official_Warranty.jpg
ZTE Nubia V80 Max Dual Sim With Official Warranty,ZTE Mobiles,"Rs.41,999.00","Rs.45,000.00",-7%,In Stock,https://telex.pk/products/zte-nubia-v80-max-dual-sim-with-official-warranty,https://cdn.shopify.com/s/files/1/0830/0897/9164/files/zte-nubia-v80-max-pakistan-priceoye-prtsa-500x500.jpg?v=1781282337,telex_output/images/031_ZTE_Nubia_V80_Max_Dual_Sim_With_Official_Warranty.jpg
Samsung Galaxy Flip 5 Dual Sim With Official Warranty,Samsung,"Rs.224,999.00","Rs.235,000.00",-4%,In Stock,https://telex.pk/products/samsung-galaxy-flip-5-dual-sim-with-official-warranty,https://cdn.shopify.com/s/files/1/0830/0897/9164/files/lg_poE0kR8j94oXCSc0NMgSQNjCwIBtIX6sRnLYe0sI.jpg?v=1781216431,telex_output/images/032_Samsung_Galaxy_Flip_5_Dual_Sim_With_Official_Warranty.jpg
Infinix GT 50 Pro Dual Sim With Official Warranty,Infinix,"Rs.159,999.00","Rs.180,000.00",-11%,In Stock,https://telex.pk/products/infinix-gt-50-pro-dual-sim-with-official-warranty,https://cdn.shopify.com/s/files/1/0830/0897/9164/files/lg_XexjRLpdO5DyrxnrpkpQZIdlv4HWnqQX85SPVjYv.jpg?v=1781199690,telex_output/images/033_Infinix_GT_50_Pro_Dual_Sim_With_Official_Warranty.jpg
Samsung Galaxy A57 5G Dual Sim With Official Warranty,Samsung,"Rs.150,999.00","Rs.165,000.00",-8%,In Stock,https://telex.pk/products/samsung-galaxy-a57-5g-dual-sim-with-official-warranty,https://cdn.shopify.com/s/files/1/0830/0897/9164/files/samsung-galaxy-a57-5g-pakistan-priceoye-bxvdj-500x.jpg?v=1781203050,telex_output/images/034_Samsung_Galaxy_A57_5G_Dual_Sim_With_Official_Warranty.jpg
Vivo Y31d Dual Sim With Official Warranty,Vivo,"Rs.75,999.00","Rs.78,000.00",-3%,In Stock,https://telex.pk/products/vivo-y31d-dual-sim-with-official-warranty,https://cdn.shopify.com/s/files/1/0830/0897/9164/files/lg_QwkUTMZ16Z0Z4AMnOYhMNRjOpcYdknzfH8NhIxfX.jpg?v=1781265124,telex_output/images/035_Vivo_Y31d_Dual_Sim_With_Official_Warranty.jpg
Nothing Phone 3A Dual Sim With Official Warranty,Nothing,"Rs.154,999.00","Rs.155,000.00",-0%,In Stock,https://telex.pk/products/nothing-phone-3a-dual-sim-with-official-warranty,https://cdn.shopify.com/s/files/1/0830/0897/9164/files/Untitleddesign_4_dfa6e8d5-5c8f-48f6-ab79-5b4c65db0de5.jpg?v=1786518705,telex_output/images/036_Nothing_Phone_3A_Dual_Sim_With_Official_Warranty.jpg
Xiaomi Poco C85 Dual Sim With Official Warranty,Xiaomi,"Rs.51,499.00","Rs.65,000.00",-21%,In Stock,https://telex.pk/products/xiaomi-poco-c85-dual-sim-with-official-warranty,https://cdn.shopify.com/s/files/1/0830/0897/9164/files/lg_uhPzWq6s9sWMhj0U8orp8HUDrBvxEFp85QmRAbSr.jpg?v=1781245892,telex_output/images/037_Xiaomi_Poco_C85_Dual_Sim_With_Official_Warranty.jpg
Oppo A6s Pro Dual Sim With Official Warranty,Oppo,"Rs.99,499.00","Rs.110,000.00",-10%,In Stock,https://telex.pk/products/oppo-a6s-pro-dual-sim-with-official-warranty,https://cdn.shopify.com/s/files/1/0830/0897/9164/files/lg_rswSINqsk4wawGFYcgJxTerktGlFCEoTbMuPAWYR.jpg?v=1781266914,telex_output/images/038_Oppo_A6s_Pro_Dual_Sim_With_Official_Warranty.jpg
Oppo A6K Dual Sim With Official Warranty,Oppo,"Rs.55,399.00","Rs.60,000.00",-8%,In Stock,https://telex.pk/products/oppo-a6k-dual-sim-with-official-warranty,https://cdn.shopify.com/s/files/1/0830/0897/9164/files/oppo-a6k-pakistan-priceoye-cxs0z-500x500.jpg?v=1781259994,telex_output/images/039_Oppo_A6K_Dual_Sim_With_Official_Warranty.jpg
Nothing Phone 2a Dual Sim With Official Warranty,Nothing,"Rs.115,499.00","Rs.1,128,000.00",-90%,In Stock,https://telex.pk/products/nothing-phone-2a-dual-sim-with-official-warranty,https://cdn.shopify.com/s/files/1/0830/0897/9164/files/lg_7KLuGdXi5I1b8GycnnqfJw7FqWBZyeuE94QAUOnP.jpg?v=1781334282,telex_output/images/040_Nothing_Phone_2a_Dual_Sim_With_Official_Warranty.jpg
Samsung Galaxy Flip 6 Dual Sim with Official Warranty,Samsung,"Rs.305,499.00","Rs.320,000.00",-5%,In Stock,https://telex.pk/products/samsung-galaxy-flip-6-with-official-warranty,https://cdn.shopify.com/s/files/1/0830/0897/9164/files/lg_ol7PFCIPSAAeWXml9gbZAXmIwWJhjVmg7l2U3Hba.jpg?v=1781213922,telex_output/images/041_Samsung_Galaxy_Flip_6_Dual_Sim_with_Official_Warranty.jpg
Nothing Phone 3A Pro Dual Sim With Official Warranty,Nothing,"Rs.181,999.00","Rs.195,000.00",-7%,In Stock,https://telex.pk/products/nothing-phone-3a-pro-dual-sim-with-official-warranty,https://cdn.shopify.com/s/files/1/0830/0897/9164/files/images_88a9dba3-8b66-43af-bebe-c9da321e0789.jpg?v=1786520266,telex_output/images/042_Nothing_Phone_3A_Pro_Dual_Sim_With_Official_Warranty.jpg
Tecno Spark 50 Dual Sim With Official Warranty,Tecno,"Rs.58,499.00","Rs.58,000.00",,In Stock,https://telex.pk/products/tecno-spark-50-dual-sim-with-official-warranty,https://cdn.shopify.com/s/files/1/0830/0897/9164/files/tecno-spark-50-pakistan-priceoye-t2xtg-500x500.jpg?v=1781258064,telex_output/images/043_Tecno_Spark_50_Dual_Sim_With_Official_Warranty.jpg
Itel City 200 Dual Sim With Official Warranty,Itel,"Rs.36,999.00","Rs.45,000.00",-18%,In Stock,https://telex.pk/products/itel-city-200-dual-sim-with-official-warranty,https://cdn.shopify.com/s/files/1/0830/0897/9164/files/itel-city-200-pakistan-priceoye-mxdm7-500x500.jpg?v=1781286586,telex_output/images/044_Itel_City_200_Dual_Sim_With_Official_Warranty.jpg
Infinix Hot 60i Dual Sim With Official Warranty,Infinix,"Rs.54,499.00","Rs.59,000.00",-8%,In Stock,https://telex.pk/products/infinix-hot-60i-dual-sim-with-official-warranty,https://cdn.shopify.com/s/files/1/0830/0897/9164/files/lg_4qzCbm2jGoylN3YkGhkm9NQZcaJ8gygzzWrmTKa5.jpg?v=1781180560,telex_output/images/045_Infinix_Hot_60i_Dual_Sim_With_Official_Warranty.jpg
Realme Note 70 Dual Sim With Official Warranty,Realme,"Rs.43,999.00","Rs.50,000.00",-12%,In Stock,https://telex.pk/products/realme-note-70-dual-sim-with-official-warranty,https://cdn.shopify.com/s/files/1/0830/0897/9164/files/lg_pGKKn1JFFKILCBkbFN02oztkpcYx4SKO4YWKdbqb.jpg?v=1781218681,telex_output/images/046_Realme_Note_70_Dual_Sim_With_Official_Warranty.jpg
Honor X5c Dual Sim With Official Warranty,Honor,"Rs.31,999.00","Rs.32,000.00",-0%,In Stock,https://telex.pk/products/honor-x5c-dual-sim-with-official-warranty,https://cdn.shopify.com/s/files/1/0830/0897/9164/files/lg_pFLFXCmompBw9QFPAGZpUvrlcsYfqmv3WewWurMd.jpg?v=1781336744,telex_output/images/047_Honor_X5c_Dual_Sim_With_Official_Warranty.jpg
Vgotel  Smart 9 Pro Dual SIm With Official Warranty,Vgo Tel,"Rs.27,499.00","Rs.32,000.00",-14%,In Stock,https://telex.pk/products/vgo-tel-smart-9-pro-dual-sim-with-official-warranty,https://cdn.shopify.com/s/files/1/0830/0897/9164/files/vgo-tel-smart-9-pro-pakistan-priceoye-ay8sq-500x50.jpg?v=1783164064,telex_output/images/048_Vgotel__Smart_9_Pro_Dual_SIm_With_Official_Warranty.jpg
Xiaomi Redmi 15 Dual Sim With official warranty,Xiaomi,"Rs.55,299.00","Rs.62,000.00",-11%,In Stock,https://telex.pk/products/xiaomi-redmi-15-dual-sim-with-official-warranty,https://cdn.shopify.com/s/files/1/0830/0897/9164/files/xiaomi-redmi-15-pakistan-priceoye-heddi-500x500.jpg?v=1783161351,telex_output/images/049_Xiaomi_Redmi_15_Dual_Sim_With_official_warranty.jpg
Xiaomi Redmi A7 Pro  Dual Sim With Official Warranty,Xiaomi,"Rs.35,699.00","Rs.45,000.00",-21%,In Stock,https://telex.pk/products/xiaomi-redmi-a7-pro-dual-sim-with-official-warranty,https://cdn.shopify.com/s/files/1/0830/0897/9164/files/xiaomi-redmi-a7-pro-pakistan-priceoye-1105x-500x50.jpg?v=1783155069,telex_output/images/050_Xiaomi_Redmi_A7_Pro__Dual_Sim_With_Official_Warranty.jpg
Nothing CMF Phone 1 Dual Sim With Official Warranty,Nothing,"Rs.75,999.00","Rs.80,000.00",-5%,In Stock,https://telex.pk/products/nothing-cmf-phone-1-dual-sim-with-official-warranty,https://cdn.shopify.com/s/files/1/0830/0897/9164/files/lg_opkIkVZFBCLP9ELuUNyVG1iIw52OjIyjibloKPhZ.jpg?v=1781287258,telex_output/images/051_Nothing_CMF_Phone_1_Dual_Sim_With_Official_Warranty.jpg
Nothing Phone 3A Lite Dual Sim With Official Warranty,Nothing,"Rs.107,999.00","Rs.120,000.00",-10%,In Stock,https://telex.pk/products/nothing-phone-3a-lite-dual-sim-with-official-warranty,https://cdn.shopify.com/s/files/1/0830/0897/9164/files/dddf85421dfaa.jpg?v=1781331876,telex_output/images/052_Nothing_Phone_3A_Lite_Dual_Sim_With_Official_Warranty.jpg
Nothing Phone 2 Pro Dual Sim With Official Warranty,Nothing,"Rs.101,999.00","Rs.110,000.00",-7%,In Stock,https://telex.pk/products/nothing-phone-2-pro-dual-sim-with-official-warranty,https://cdn.shopify.com/s/files/1/0830/0897/9164/files/lg_KMxElryDLfuhnLW16wKUejYMmrlLGPy9AjvRWRxy.jpg?v=1781332875,telex_output/images/053_Nothing_Phone_2_Pro_Dual_Sim_With_Official_Warranty.jpg
Nokia 105 Classic Dual Sim With Official Warranty,Nokia,"Rs.3,599.00","Rs.5,000.00",-28%,In Stock,https://telex.pk/products/nokia-105-classic-dual-sim-with-official-warranty,https://cdn.shopify.com/s/files/1/0830/0897/9164/files/lg_twUAnmziV6lEUqFA990qESZDtIiKvjf8jjbP6nAn.jpg?v=1783414506,telex_output/images/054_Nokia_105_Classic_Dual_Sim_With_Official_Warranty.jpg
Nokia 106 (2023) Dual Sim With Official Warranty,Nokia,"Rs.4,499.00","Rs.7,000.00",-36%,In Stock,https://telex.pk/products/nokia-106-2023-dual-sim-with-official-warranty,https://cdn.shopify.com/s/files/1/0830/0897/9164/files/lg_eu7zwjitPpGc1zaQRTBLyPaaGpwDgfGzhjLyrjd0.jpg?v=1783414224,telex_output/images/055_Nokia_106__2023__Dual_Sim_With_Official_Warranty.jpg
Nokia 5710 Dual Sim with Official Warranty,Nokia,"Rs.15,299.00","Rs.20,000.00",-24%,In Stock,https://telex.pk/products/nokia-5710-dual-sim-with-official-warranty,https://cdn.shopify.com/s/files/1/0830/0897/9164/files/lg_fpDjMKxgaaa56Q3FoBU4lcmrY0iKgwe9okgFkR4z.jpg?v=1783413863,telex_output/images/056_Nokia_5710_Dual_Sim_with_Official_Warranty.jpg
Honor X6c Dual Sim With Official Warranty,Honor,"Rs.44,499.00","Rs.43,500.00",,In Stock,https://telex.pk/products/honor-x6c-dual-sim-with-official-warranty,https://cdn.shopify.com/s/files/1/0830/0897/9164/files/lg_O6uxboN5IJM4sYCbYFpqOEE61WYdfc319QxBoykx_2.jpg?v=1781338367,telex_output/images/057_Honor_X6c_Dual_Sim_With_Official_Warranty.jpg
Honor X8D Dual Sim With Official Warranty,Honor,"Rs.77,499.00","Rs.75,000.00",,In Stock,https://telex.pk/products/honor-x8d-dual-sim-with-official-warranty,https://cdn.shopify.com/s/files/1/0830/0897/9164/files/lg_HBJXByWkjz8ifKvxoLggIZd0drg4VJZZxvZaKkmn.jpg?v=1781336193,telex_output/images/058_Honor_X8D_Dual_Sim_With_Official_Warranty.jpg
Itel A100c Dual Sim With Official Warranty,Itel,"Rs.24,699.00","Rs.25,500.00",-3%,In Stock,https://telex.pk/products/itel-a100c-dual-sim-with-official-warranty,https://cdn.shopify.com/s/files/1/0830/0897/9164/files/itel-a100c-pakistan-priceoye-693ju-500x500.jpg?v=1781285852,telex_output/images/059_Itel_A100c_Dual_Sim_With_Official_Warranty.jpg
ZTE Nubia V80 Pro Dual Sim With Official Warranty,ZTE Mobiles,"Rs.46,999.00","Rs.48,000.00",-2%,In Stock,https://telex.pk/products/zte-nubia-v80-pro-dual-sim-with-official-warranty,https://cdn.shopify.com/s/files/1/0830/0897/9164/files/zte-nubia-v80-pro-pakistan-priceoye-w4sh7-500x500.jpg?v=1781281285,telex_output/images/060_ZTE_Nubia_V80_Pro_Dual_Sim_With_Official_Warranty.jpg
ZTE Nubia A36 Dual Sim With Official Warranty,ZTE Mobiles,"Rs.28,699.00","Rs.32,500.00",-12%,In Stock,https://telex.pk/products/zte-nubia-a36-dual-sim-with-official-warranty,https://cdn.shopify.com/s/files/1/0830/0897/9164/files/zte-nubia-a36-pakistan-priceoye-or672-500x500.jpg?v=1781268644,telex_output/images/061_ZTE_Nubia_A36_Dual_Sim_With_Official_Warranty.jpg
Vivo Y11D Dual Sim With Official Warranty,Vivo,"Rs.63,699.00","Rs.62,000.00",,In Stock,https://telex.pk/products/vivo-y11d-dual-sim-with-official-warranty,https://cdn.shopify.com/s/files/1/0830/0897/9164/files/lg_ybjNUEq1hCACSyeIocoqV7bPu9SgTVOPbkviUhcV.jpg?v=1781263948,telex_output/images/062_Vivo_Y11D_Dual_Sim_With_Official_Warranty.jpg
Oppo Reno 15 5G Dual Sim With Official Warranty,Oppo,"Rs.160,999.00","Rs.165,000.00",-2%,In Stock,https://telex.pk/products/oppo-reno-15-5g-dual-sim-with-official-warranty,https://cdn.shopify.com/s/files/1/0830/0897/9164/files/lg_tm3Zn8yFk3HzF7FcxjXZoevRJ2gpHX9R1OMbcszY.jpg?v=1781261094,telex_output/images/063_Oppo_Reno_15_5G_Dual_Sim_With_Official_Warranty.jpg
Oppo A6 Dual Sim With Official Warranty,Oppo,"Rs.71,499.00","Rs.70,000.00",,In Stock,https://telex.pk/products/oppo-a6-dual-sim-with-official-warranty,https://cdn.shopify.com/s/files/1/0830/0897/9164/files/oppo-a6-pakistan-priceoye-elznh-500x500.jpg?v=1781260652,telex_output/images/064_Oppo_A6_Dual_Sim_With_Official_Warranty.jpg
Tecno Camon 50 Dual Sim With Official Warranty,Tecno,"Rs.94,499.00","Rs.95,000.00",-1%,In Stock,https://telex.pk/products/tecno-camon-50-dual-sim-with-official-warranty,https://cdn.shopify.com/s/files/1/0830/0897/9164/files/lg_GWsC5oCEZ3MN51mFVX4f5BdlLpdDxn4nqyyqDhJW_617ee727-08c8-45a0-bf14-02199e426670.jpg?v=1781259306,telex_output/images/065_Tecno_Camon_50_Dual_Sim_With_Official_Warranty.jpg
Tecno Camon 50 Pro Dual Sim With Official Warranty,Tecno,"Rs.104,499.00","Rs.101,000.00",,In Stock,https://telex.pk/products/tecno-camon-50-pro-dual-sim-with-official-warranty,https://cdn.shopify.com/s/files/1/0830/0897/9164/files/lg_CuE6W8ILivghqI8x7CMoWkoAsAtitqjZm0p8i1aY.jpg?v=1781258997,telex_output/images/066_Tecno_Camon_50_Pro_Dual_Sim_With_Official_Warranty.jpg
Tecno Camon 50 Ultra 5G Dual Sim With Official Warranty,Tecno,"Rs.120,999.00","Rs.125,000.00",-3%,Out of Stock,https://telex.pk/products/tecno-camon-50-ultra-5g-dual-sim-with-official-warranty,https://cdn.shopify.com/s/files/1/0830/0897/9164/files/lg_GWsC5oCEZ3MN51mFVX4f5BdlLpdDxn4nqyyqDhJW.jpg?v=1781258481,telex_output/images/067_Tecno_Camon_50_Ultra_5G_Dual_Sim_With_Official_Warranty.jpg
Xiaomi Redmi Note 15 Pro Dual Sim With Official Warranty,Xiaomi,"Rs.92,499.00","Rs.110,000.00",-16%,In Stock,https://telex.pk/products/xiaomi-redmi-note-15-pro-dual-sim-with-official-warranty,https://cdn.shopify.com/s/files/1/0830/0897/9164/files/lg_e7M2cxlpewfD37sR3a17VQgTddXN67pqRgjG4WcZ.jpg?v=1781244340,telex_output/images/068_Xiaomi_Redmi_Note_15_Pro_Dual_Sim_With_Official_Warranty.jpg
Xiaomi Redmi Note 15 Dual Sim With Official Warranty,Xiaomi,"Rs.70,499.00","Rs.78,000.00",-10%,In Stock,https://telex.pk/products/xiaomi-redmi-note-15-dual-sim-with-official-warranty,https://cdn.shopify.com/s/files/1/0830/0897/9164/files/lg_SZbQpStZeHgDnOgHI53pCL9SO5TirJqU8iCoFGV8.jpg?v=1781244326,telex_output/images/069_Xiaomi_Redmi_Note_15_Dual_Sim_With_Official_Warranty.jpg
Realme 15 Pro 5G Dual Sim With Official Warranty,Realme,"Rs.144,999.00","Rs.155,000.00",-6%,In Stock,https://telex.pk/products/realme-15-pro-5g-dual-sim-with-official-warranty,https://cdn.shopify.com/s/files/1/0830/0897/9164/files/lg_0p3BOBwYE5WmWUbhtEG6PSqPh9K5vBxgYTHzgDrZ.jpg?v=1781240260,telex_output/images/070_Realme_15_Pro_5G_Dual_Sim_With_Official_Warranty.jpg
Samsung Galaxy Z Fold 6 Dual SIm with Official Warranty,Samsung,"Rs.490,499.00","Rs.500,000.00",-2%,In Stock,https://telex.pk/products/samsung-galaxy-z-fold-6-with-official-warranty,https://cdn.shopify.com/s/files/1/0830/0897/9164/files/lg_6sARv2evKzEdCef83Wga1nOAIbPjiuEEuulc5Ip0.jpg?v=1781215127,telex_output/images/071_Samsung_Galaxy_Z_Fold_6_Dual_SIm_with_Official_Warranty.jpg
Samsung Galaxy A17 Dual Sim With Official Warranty,Samsung,"Rs.68,499.00","Rs.75,000.00",-9%,In Stock,https://telex.pk/products/samsung-galaxy-a17-dual-sim-with-official-warranty,https://cdn.shopify.com/s/files/1/0830/0897/9164/files/samsung-galaxy-a17-pakistan-priceoye-s9wf0-500x500_6d9152e1-d903-4a2e-8ce2-80feae589b29.jpg?v=1781207804,telex_output/images/072_Samsung_Galaxy_A17_Dual_Sim_With_Official_Warranty.jpg
Samsung Galaxy S26 Dual Sim With Official Warranty,Samsung,"Rs.286,999.00","Rs.300,000.00",-4%,In Stock,https://telex.pk/products/samsung-galaxy-s26-dual-sim-with-official-warranty,https://cdn.shopify.com/s/files/1/0830/0897/9164/files/samsung-galaxy-s26-pakistan-priceoye-fq28z-500x500_60b8a025-4898-43cc-adc4-41e11e396651.jpg?v=1781205165,telex_output/images/073_Samsung_Galaxy_S26_Dual_Sim_With_Official_Warranty.jpg
Samsung Galaxy A56 Dual Sim with Official Warranty,Samsung,"Rs.117,999.00","Rs.125,000.00",-6%,In Stock,https://telex.pk/products/samsung-galaxy-a56-dual-sim-with-official-warranty,https://cdn.shopify.com/s/files/1/0830/0897/9164/files/lg_zSWse58guMq7iuOb23DTCUn3u31hn6axNXhaBCa5.jpg?v=1781202458,telex_output/images/074_Samsung_Galaxy_A56_Dual_Sim_with_Official_Warranty.jpg
Samsung Galaxy Z Fold 5 With Official Warranty,Samsung,"Rs.329,999.00","Rs.340,000.00",-3%,In Stock,https://telex.pk/products/samsung-galaxy-z-fold-5-with-official-warranty,https://cdn.shopify.com/s/files/1/0830/0897/9164/files/samsung-galaxy-z-fold-5-pakistan-priceoye-zjskq-50.jpg?v=1781201375,telex_output/images/075_Samsung_Galaxy_Z_Fold_5_With_Official_Warranty.jpg
Infinix Note 60 Pro Dual Sim with Official Warranty,Infinix,"Rs.120,999.00","Rs.122,000.00",-1%,In Stock,https://telex.pk/products/infinix-note-60-pro-dual-sim-with-official-warranty,https://cdn.shopify.com/s/files/1/0830/0897/9164/files/infinix-note-60-pro-256gb-8gb-pakistan-priceoye-gc.jpg?v=1781197182,telex_output/images/076_Infinix_Note_60_Pro_Dual_Sim_with_Official_Warranty.jpg
Apple iPhone 17 Air  PTA Approved With Official Warranty,Apple,"Rs.426,999.00","Rs.780,000.00",-45%,In Stock,https://telex.pk/products/apple-iphone-17-air-pta-approved-with-official-warranty,https://cdn.shopify.com/s/files/1/0830/0897/9164/files/lg_kMHXeixaPom9D9ko7Uf77JwSeBMLzo231cJtWQw1.jpg?v=1783590441,telex_output/images/077_Apple_iPhone_17_Air__PTA_Approved_With_Official_Warranty.jpg
Villaon V50s Dual Sim With Official Warranty,Villaon,"Rs.19,399.00","Rs.30,000.00",-35%,In Stock,https://telex.pk/products/villaon-v50s-dual-sim-with-official-warranty,https://cdn.shopify.com/s/files/1/0830/0897/9164/files/images_36e6ca7e-4635-4725-a4ea-196ea115e547.jpg?v=1784916871,telex_output/images/078_Villaon_V50s_Dual_Sim_With_Official_Warranty.jpg
Samsung Galaxy A37 5G Dual Sim With Official Warranty,Samsung,"Rs.135,999.00","Rs.145,000.00",-6%,In Stock,https://telex.pk/products/samsung-galaxy-a37-5g-dual-sim-with-official-warranty,https://cdn.shopify.com/s/files/1/0830/0897/9164/files/samsung-galaxy-a37-5g-pakistan-priceoye-7h6x3-500x500.webp?v=1784919878,telex_output/images/079_Samsung_Galaxy_A37_5G_Dual_Sim_With_Official_Warranty.webp
Samsung Galaxy S26 Plus Dual Sim With Official Warranty,Samsung,"Rs.331,499.00","Rs.410,000.00",-19%,In Stock,https://telex.pk/products/samsung-galaxy-s26-plus-dual-sim-with-official-warranty,https://cdn.shopify.com/s/files/1/0830/0897/9164/files/samsung-galaxy-s26-plus-pakistan-priceoye-bgfvj-500x500.webp?v=1784968839,telex_output/images/080_Samsung_Galaxy_S26_Plus_Dual_Sim_With_Official_Warranty.webp
Realme C100i Dual Sim With Official Warranty,Realme,"Rs.38,799.00","Rs.42,000.00",-8%,In Stock,https://telex.pk/products/realme-c100i-dual-sim-with-official-warranty,https://cdn.shopify.com/s/files/1/0830/0897/9164/files/realme-c100i-pakistan-priceoye-x6hd0-500x500.webp?v=1784978511,telex_output/images/081_Realme_C100i_Dual_Sim_With_Official_Warranty.webp
Itel A100C Special Edition Dual Sim With Official Warranty,Itel,"Rs.27,999.00","Rs.32,000.00",-13%,In Stock,https://telex.pk/products/itel-a100c-special-edition-dual-sim-with-official-warranty,https://cdn.shopify.com/s/files/1/0830/0897/9164/files/2_5.webp?v=1784988282,telex_output/images/082_Itel_A100C_Special_Edition_Dual_Sim_With_Official_Warranty.webp
Itel A200 Plus Dual Sim With Official Warranty,Itel,"Rs.31,999.00","Rs.35,000.00",-9%,Out of Stock,https://telex.pk/products/itel-a200-plus-dual-sim-with-official-warranty,https://cdn.shopify.com/s/files/1/0830/0897/9164/files/itel-a200-plus-pakistan-priceoye-5jjvv-500x500_3daacea2-8267-4e07-9dcd-51e63302a278.webp?v=1784988892,telex_output/images/083_Itel_A200_Plus_Dual_Sim_With_Official_Warranty.webp
Vivo Y500 Dual Sim With Official Warranty,Vivo,"Rs.80,399.00","Rs.100,000.00",-20%,In Stock,https://telex.pk/products/vivo-y500-dual-sim-with-official-warranty,https://cdn.shopify.com/s/files/1/0830/0897/9164/files/vivo-y500-pakistan-priceoye-1gj5f-500x500.webp?v=1785066105,telex_output/images/084_Vivo_Y500_Dual_Sim_With_Official_Warranty.webp
Xiaomi Redmi Note 15 Pro Plus 5G Dual Sim With Official Warranty,Xiaomi,"Rs.160,999.00","Rs.172,000.00",-6%,In Stock,https://telex.pk/products/xiaomi-redmi-note-15-pro-plus-5g-dual-sim-with-official-warranty,https://cdn.shopify.com/s/files/1/0830/0897/9164/files/xiaomi-redmi-note-15-pro-plus-pakistan-priceoye-xjdnv-500x500.webp?v=1785067178,telex_output/images/085_Xiaomi_Redmi_Note_15_Pro_Plus_5G_Dual_Sim_With_Official_Warranty.webp
Apple iPad Pro 13-inch 7th Gen M4 512GB WiFi,Apple,"Rs.367,499.00","Rs.400,000.00",-8%,In Stock,https://telex.pk/products/apple-ipad-pro-13-inch-7th-gen-m4-512gb-wifi,https://cdn.shopify.com/s/files/1/0830/0897/9164/files/apple-ipad-pro-13inch-wifi-m4-chip-pakistan-priceoye-opwlb-500x500.webp?v=1785263728,telex_output/images/086_Apple_iPad_Pro_13-inch_7th_Gen_M4_512GB_WiFi.webp
Apple iPad Pro 13 inch M4 256GB Wifi,Apple,"Rs.338,999.00","Rs.355,000.00",-5%,In Stock,https://telex.pk/products/apple-ipad-pro-13-inch-m4-256gb-wifi,https://cdn.shopify.com/s/files/1/0830/0897/9164/files/apple-ipad-pro-13inch-wifi-m4-chip-pakistan-priceoye-opwlb-500x500.webp?v=1785263728,telex_output/images/087_Apple_iPad_Pro_13_inch_M4_256GB_Wifi.webp
Apple iPad Pro 11inch M5 Chip WiFi,Apple,"Rs.352,999.00","Rs.370,000.00",-5%,In Stock,https://telex.pk/products/apple-ipad-pro-11inch-m5-chip-wifi-2025,https://cdn.shopify.com/s/files/1/0830/0897/9164/files/apple-ipad-pro-11inch-2025-m5-chip-wifi-pakistan-priceoye-z7abz-500x500.webp?v=1785305974,telex_output/images/088_Apple_iPad_Pro_11inch_M5_Chip_WiFi.webp
Apple iPad Pro 11 inch M5 512GB Wifi,Apple,"Rs.413,999.00","Rs.450,000.00",-8%,In Stock,https://telex.pk/products/apple-ipad-pro-11-inch-m5-512gb-wifi,https://cdn.shopify.com/s/files/1/0830/0897/9164/files/apple-ipad-pro-11inch-2025-m5-chip-wifi-pakistan-priceoye-z7abz-500x500.webp?v=1785305974,telex_output/images/089_Apple_iPad_Pro_11_inch_M5_512GB_Wifi.webp
"Apple iPad Air 7 11"" 256GB M3 Chip Wi-Fi",Apple,"Rs.214,999.00","Rs.240,000.00",-10%,In Stock,https://telex.pk/products/apple-ipad-air-7-11-256gb-m3-chip-wi-fi,https://cdn.shopify.com/s/files/1/0830/0897/9164/files/dfsddafasdsdf_9f8b0e19-5a7b-4549-93b1-caad8e0e38c3.jpg?v=1785307609,telex_output/images/090_Apple_iPad_Air_7_11__256GB_M3_Chip_Wi-Fi.jpg
Xiaomi Pad 2 Wifi 9.7 Inch Tablet,Xiaomi,"Rs.56,999.00","Rs.70,000.00",-19%,In Stock,https://telex.pk/products/xiaomi-pad-2-wifi-9-7-inch-tablet,https://cdn.shopify.com/s/files/1/0830/0897/9164/files/MI-Redmi-Pad-2-9.7-inch-Wifi-4_64GB_1800x1800_32262d6f-0f6d-4d2b-a199-a989d4300a46.webp?v=1785823730,telex_output/images/091_Xiaomi_Pad_2_Wifi_9.7_Inch_Tablet.webp
Xiaomi Redmi Pad 2 4G Tablet,Xiaomi,"Rs.79,999.00","Rs.85,000.00",-6%,In Stock,https://telex.pk/products/xiaomi-redmi-pad-2-4g-tablet,https://cdn.shopify.com/s/files/1/0830/0897/9164/files/106590-1_1200x1200_d3a07873-3751-4fd0-a56e-39b6a2271bea.webp?v=1785825468,telex_output/images/092_Xiaomi_Redmi_Pad_2_4G_Tablet.webp
Nokia 110 2023 Dual Sim With Official Warranty,Nokia,"Rs.5,449.00","Rs.6,000.00",-9%,In Stock,https://telex.pk/products/nokia-110-2023-dual-sim,https://cdn.shopify.com/s/files/1/0830/0897/9164/files/Untitleddesign-2026-08-04T121541.369.jpg?v=1785827798,telex_output/images/093_Nokia_110_2023_Dual_Sim_With_Official_Warranty.jpg
Nothing Phone 4a Dual Sim With Official Warranty,Nothing,"Rs.202,999.00","Rs.220,000.00",-8%,In Stock,https://telex.pk/products/nothing-phone-4a-dual-sim-with-official-warranty,https://cdn.shopify.com/s/files/1/0830/0897/9164/files/Nothing-4a.webp?v=1786520885,telex_output/images/094_Nothing_Phone_4a_Dual_Sim_With_Official_Warranty.webp
Honor X9D Dual Sim With Official Warranty,Honor,"Rs.140,499.00","Rs.145,000.00",-3%,In Stock,https://telex.pk/products/honor-x9d-dual-sim-with-official-warranty-1,https://cdn.shopify.com/s/files/1/0830/0897/9164/files/honor-x9d-pakistan-priceoye-ttjwu-500x500.webp?v=1786521770,telex_output/images/095_Honor_X9D_Dual_Sim_With_Official_Warranty.webp
Vgo Tel Onyx Dual SIm With Official Warranty,Vgo Tel,"Rs.15,099.00","Rs.18,500.00",-18%,In Stock,https://telex.pk/products/vgo-tel-onyx-dual-sim-with-official-warranty,https://cdn.shopify.com/s/files/1/0830/0897/9164/files/vgo-tel-onyx-2-pakistan-priceoye-k4hxj-500x500.webp?v=1786523174,telex_output/images/096_Vgo_Tel_Onyx_Dual_SIm_With_Official_Warranty.webp
Infinix Hot 70 Dual Sim with Official Warranty,Infinix,"Rs.63,199.00","Rs.200,000.00",-68%,In Stock,https://telex.pk/products/infinix-hot-70-dual-sim-with-official-warranty,https://cdn.shopify.com/s/files/1/0830/0897/9164/files/infinix-hot-70-pakistan-priceoye-jl0ei-500x500.webp?v=1787041484,telex_output/images/097_Infinix_Hot_70_Dual_Sim_with_Official_Warranty.webp
Vivo Y05e Dual Sim With Official Warranty,Vivo,"Rs.37,649.00","Rs.45,000.00",-16%,In Stock,https://telex.pk/products/vivo-y05e-dual-sim-with-official-warranty,https://cdn.shopify.com/s/files/1/0830/0897/9164/files/vivo-y05e-pakistan-priceoye-7vleh-500x500.webp?v=1787046896,telex_output/images/098_Vivo_Y05e_Dual_Sim_With_Official_Warranty.webp
Vivo V80 Lite 5G Dual Sim with Official Warranty,Vivo,"Rs.113,499.00","Rs.160,000.00",-29%,In Stock,https://telex.pk/products/vivo-v80-lite-5g-dual-sim-with-official-warranty,https://cdn.shopify.com/s/files/1/0830/0897/9164/files/images_7e58694c-cefa-4178-9d4c-f1013c869d52.jpg?v=1788522161,telex_output/images/099_Vivo_V80_Lite_5G_Dual_Sim_with_Official_Warranty.jpg
Vivo V70 FE Dual Sim with Official Warranty,Vivo,"Rs.122,499.00","Rs.160,000.00",-23%,In Stock,https://telex.pk/products/vivo-v70-fe-dual-sim-with-official-warranty,https://cdn.shopify.com/s/files/1/0830/0897/9164/files/images_7fd672cd-e31f-48e1-8af8-b28979bdeb6a.jpg?v=1788522792,telex_output/images/100_Vivo_V70_FE_Dual_Sim_with_Official_Warranty.jpg
Oppo Reno 16 F 5G Dual Sim with Official Warranty,Oppo,"Rs.134,499.00","Rs.155,000.00",-13%,In Stock,https://telex.pk/products/oppo-reno-16-f-5g-dual-sim-with-official-warranty,https://cdn.shopify.com/s/files/1/0830/0897/9164/files/images_8374babd-f3b0-4636-9190-48d3b144ea9e.jpg?v=1788524313,telex_output/images/101_Oppo_Reno_16_F_5G_Dual_Sim_with_Official_Warranty.jpg
Oppo Reno 16 5G Dual Sim with Official Warranty,Oppo,"Rs.179,999.00","Rs.202,000.00",-11%,In Stock,https://telex.pk/products/oppo-reno16-5g-dual-sim-with-official-warranty,https://cdn.shopify.com/s/files/1/0830/0897/9164/files/71hXCqfP5NL.jpg?v=1789105089,telex_output/images/102_Oppo_Reno_16_5G_Dual_Sim_with_Official_Warranty.jpg
Realme C100x Dual Sim with Official Warranty,Realme,"Rs.60,499.00","Rs.95,000.00",-36%,In Stock,https://telex.pk/products/realme-c100x-dual-sim-with-official-warranty,https://cdn.shopify.com/s/files/1/0830/0897/9164/files/realme-c100x-pakistan-priceoye-fqn60-500x500.webp?v=1789041330,telex_output/images/103_Realme_C100x_Dual_Sim_with_Official_Warranty.webp
Realme C100 4G Dual Sim with Official Warranty,Realme,"Rs.83,249.00","Rs.100,000.00",-17%,In Stock,https://telex.pk/products/realme-c100-4g-dual-sim-with-official-warranty,https://cdn.shopify.com/s/files/1/0830/0897/9164/files/realme-c100-pakistan-priceoye-klkna-500x500.webp?v=1789041725,telex_output/images/104_Realme_C100_4G_Dual_Sim_with_Official_Warranty.webp
Nokia HMD 105 Pure Feature Phone,Nokia,"Rs.3,369.00","Rs.5,000.00",-33%,In Stock,https://telex.pk/products/nokia-hmd-105-pure-feature-phone,https://cdn.shopify.com/s/files/1/0830/0897/9164/files/hmd-105-pure-pakistan-priceoye-l67zv-500x500.webp?v=1789107524,telex_output/images/105_Nokia_HMD_105_Pure_Feature_Phone.webp
HMD 102 4G Dual Sim Feature Phone,Nokia,"Rs.4,049.00","Rs.6,000.00",-33%,In Stock,https://telex.pk/products/hmd-102-4g-dual-sim-feature-phone,https://cdn.shopify.com/s/files/1/0830/0897/9164/files/hmd-102-pakistan-priceoye-ayq5o-500x500.webp?v=1789107889,telex_output/images/106_HMD_102_4G_Dual_Sim_Feature_Phone.webp
Nokia HMD 130 Music Feature Phone,Nokia,"Rs.6,849.00","Rs.10,000.00",-32%,In Stock,https://telex.pk/products/nokia-hmd-130-music-feature-phone,https://cdn.shopify.com/s/files/1/0830/0897/9164/files/nokia-130-music-pakistan-priceoye-7o6zk-500x500.webp?v=1789108662,telex_output/images/107_Nokia_HMD_130_Music_Feature_Phone.webp
Nokia HMD 150 Music Feature Phone,Nokia,"Rs.6,649.00","Rs.10,000.00",-34%,In Stock,https://telex.pk/products/nokia-hmd-150-music-feature-phone,https://cdn.shopify.com/s/files/1/0830/0897/9164/files/HMD_150_Music-DarkGrey-FrontBack-INT.avif?v=1789109012,telex_output/images/108_Nokia_HMD_150_Music_Feature_Phone.jpg
Nokia 130 (2023) Feature Phone,Nokia,"Rs.6,399.00","Rs.10,000.00",-36%,In Stock,https://telex.pk/products/nokia-130-2023-feature-phone,https://cdn.shopify.com/s/files/1/0830/0897/9164/files/nokia-130-2023-pakistan-priceoye-sefkd-500x500.webp?v=1789109432,telex_output/images/109_Nokia_130__2023__Feature_Phone.webp
Nokia 6310 Feature Phone,Nokia,"Rs.12,199.00","Rs.15,500.00",-21%,In Stock,https://telex.pk/products/nokia-6310-feature-phone,https://cdn.shopify.com/s/files/1/0830/0897/9164/files/nokia-6310-dark_green-front_back-int.avif?v=1789109865,telex_output/images/110_Nokia_6310_Feature_Phone.jpg
JoyroomJR-W020 Mini Magnetic Power Bank 10000mAh,Joyroom,"Rs.7,199.00","Rs.10,000.00",-28%,In Stock,https://telex.pk/products/joyroomjr-w020-mini-magnetic-power-bank-10000mah,https://cdn.shopify.com/s/files/1/0830/0897/9164/files/dfsddafasdsdf_4_e4fdff64-b85a-41c3-b974-f90569cce84f.jpg?v=1783196608,telex_output/images/111_JoyroomJR-W020_Mini_Magnetic_Power_Bank_10000mAh.jpg
Joyroom JR-PBF14 20000mAh 2.4A LED Power Bank,Telemart,"Rs.6,225.00","Rs.8,000.00",-22%,In Stock,https://telex.pk/products/oyroom-jr-pbf14-20000mah-2-4a-led-power-bank,https://cdn.shopify.com/s/files/1/0830/0897/9164/files/dfsddafasdsdf_3_f2e5d757-862a-4c16-b805-b66b4b96f180.jpg?v=1783195984,telex_output/images/112_Joyroom_JR-PBF14_20000mAh_2.4A_LED_Power_Bank.jpg
Joyroom JR-QP193 22.5W Power Bank 30000mAh,Joyroom,"Rs.7,925.00","Rs.10,000.00",-21%,In Stock,https://telex.pk/products/joyroom-jr-qp193-22-5w-power-bank-30000mah,https://cdn.shopify.com/s/files/1/0830/0897/9164/files/dfsddafasdsdf_2_85cad025-a547-4f60-bac1-ad0a66779461.jpg?v=1783195359,telex_output/images/113_Joyroom_JR-QP193_22.5W_Power_Bank_30000mAh.jpg
Yolo Y-201C Dual Port 20W Fast Charger With 100 CM Type C to Type C Cable,Yolo,"Rs.1,149.00","Rs.1,850.00",-38%,In Stock,https://telex.pk/products/yolo-y-201c-dual-port-20w-fast-charger-with-100-cm-type-c-to-type-c-cable,https://cdn.shopify.com/s/files/1/0830/0897/9164/files/lg_YGD4g3rfa6UoztVTVkndC4QqyKtKVEz7dnHCT47V_40ca9b7e-d5c5-46eb-99bf-e5af5e8e1f5d.jpg?v=1782990792,telex_output/images/114_Yolo_Y-201C_Dual_Port_20W_Fast_Charger_With_100_CM_Type_C_to_Type_C_Cable.jpg
Yolo Y-203 Hyper Volt Series 20W Dual Port Fast Charger With Cable,Yolo,"Rs.1,199.00","Rs.1,850.00",-35%,In Stock,https://telex.pk/products/yolo-y-203-hyper-volt-series-20w-dual-port-fast-charger-with-cable,https://cdn.shopify.com/s/files/1/0830/0897/9164/files/1111_2_2fa07b52-518b-47b4-ae75-1c90791857c5.jpg?v=1782988382,telex_output/images/115_Yolo_Y-203_Hyper_Volt_Series_20W_Dual_Port_Fast_Charger_With_Cable.jpg
Yolo Y-103 Hyper 10W  Charger with Micro USB Cable,Yolo,Rs.649.00,"Rs.1,050.00",-38%,In Stock,https://telex.pk/products/yolo-y-103-hyper-10w-charger-with-micro-usb-cable,https://cdn.shopify.com/s/files/1/0830/0897/9164/files/1111.jpg?v=1782987527,telex_output/images/116_Yolo_Y-103_Hyper_10W__Charger_with_Micro_USB_Cable.jpg
LRB-302 Juicaro 45W Dual Port Car Charger,LRB,Rs.849.00,"Rs.1,215.00",-30%,In Stock,https://telex.pk/products/lrb-302,https://cdn.shopify.com/s/files/1/0830/0897/9164/files/lrb-302png.png?v=1788513966,telex_output/images/117_LRB-302_Juicaro_45W_Dual_Port_Car_Charger.png
Lenovo HE05X Wireless Headset Magnetic Neckband,Lenovo,Rs.849.00,"Rs.1,200.00",-29%,In Stock,https://telex.pk/products/lenovo-he05x-wireless-headset-magnetic-neckband,https://cdn.shopify.com/s/files/1/0830/0897/9164/files/lg_lFpD3HdztyDA0lDjnroa0O3ySkQnbU1iKLicKIvx.jpg?v=1782013754,telex_output/images/118_Lenovo_HE05X_Wireless_Headset_Magnetic_Neckband.jpg
Faster FAC-900 IQ Series 2.1A Quick & Fast Wall Charger,Faster,"Rs.1,199.00","Rs.1,850.00",-35%,In Stock,https://telex.pk/products/faster-fac-900-iq-series-2-1a-quick-fast-wall-charger,https://cdn.shopify.com/s/files/1/0830/0897/9164/files/lg_A28dZtfafMuDHoBKa1GrKf4BnujuYKkynZH7DXxC.jpg?v=1781870786,telex_output/images/119_Faster_FAC-900_IQ_Series_2.1A_Quick___Fast_Wall_Charger.jpg
Faster F9 Pro In-Ear Headphones,Faster,Rs.499.00,Rs.850.00,-41%,In Stock,https://telex.pk/products/faster-f9-pro-in-ear-headphones,https://cdn.shopify.com/s/files/1/0830/0897/9164/files/lg_Y4V8NC0CsoJKzpiMWVu8ppe04TFcvoWJZe0S6gQ6.jpg?v=1781870566,telex_output/images/120_Faster_F9_Pro_In-Ear_Headphones.jpg
Faster 60W USB-C To USB-C Digital Data Cable,Faster,"Rs.1,299.00","Rs.2,000.00",-35%,In Stock,https://telex.pk/products/faster-60w-usb-c-to-usb-c-digital-data-cable,https://cdn.shopify.com/s/files/1/0830/0897/9164/files/lg_pMH6ZXuMIZkLShgcZrSDAA6QBefcJjmETOpNeO7A.jpg?v=1781870078,telex_output/images/121_Faster_60W_USB-C_To_USB-C_Digital_Data_Cable.jpg
Faster O3 Ampere 2.4 Micro USB Cable,Faster,Rs.399.00,Rs.600.00,-34%,In Stock,https://telex.pk/products/faster-o3-ampere-2-4-micro-usb-cable,https://cdn.shopify.com/s/files/1/0830/0897/9164/files/lg_pWThwkBiGufTNcVZGgw5BfvE9ifi09hraYAchPD3.jpg?v=1781869649,telex_output/images/122_Faster_O3_Ampere_2.4_Micro_USB_Cable.jpg
Faster L1-PD Type-C To Lightning Fast Charging Cable,Faster L1-PD,"Rs.1,499.00","Rs.2,000.00",-25%,In Stock,https://telex.pk/products/faster-l1-pd-type-c-to-lightning-fast-charging-cable,https://cdn.shopify.com/s/files/1/0830/0897/9164/files/lg_U6H40UqRYp00kihUw4o7KfMF7r214edaSppLfCLA.jpg?v=1781869335,telex_output/images/123_Faster_L1-PD_Type-C_To_Lightning_Fast_Charging_Cable.jpg
Faster VL-100 USB-C To USB-C 100W PD Braider Cable,Telemart,"Rs.1,699.00","Rs.2,100.00",-19%,In Stock,https://telex.pk/products/faster-vl-100-usb-c-to-usb-c-100w-pd-braider-cable,https://cdn.shopify.com/s/files/1/0830/0897/9164/files/lg_GTt2lHx3JEFTX2KGdRQi2oCdH0x2Lxvx3dewTZ4M.jpg?v=1781868215,telex_output/images/124_Faster_VL-100_USB-C_To_USB-C_100W_PD_Braider_Cable.jpg
Faster Vl-50 27W USB-C To Lightning Data Cable,Faster,"Rs.1,599.00","Rs.2,000.00",-20%,In Stock,https://telex.pk/products/faster-27w-usb-c-to-lightning-data-cable,https://cdn.shopify.com/s/files/1/0830/0897/9164/files/lg_9B6xVvhpDrChRtUt2GlaeceWpHFvyEbtFVEmrizv.jpg?v=1781867800,telex_output/images/125_Faster_Vl-50_27W_USB-C_To_Lightning_Data_Cable.jpg
Faster FC-100W Type-C to Type-C 100W PD Fast Charging Cable,Faster,"Rs.2,199.00","Rs.3,000.00",-27%,In Stock,https://telex.pk/products/faster-fc-100w-type-c-to-type-c-100w-pd-fast-charging-cable,https://cdn.shopify.com/s/files/1/0830/0897/9164/files/lg_DZsnG8AixkMl9f52QtEmL7tdSZEbgToXejnZxFb4.jpg?v=1781867548,telex_output/images/126_Faster_FC-100W_Type-C_to_Type-C_100W_PD_Fast_Charging_Cable.jpg
Faster PD-65W Power Bank 20000mAh,Faster,"Rs.11,699.00","Rs.16,000.00",-27%,In Stock,https://telex.pk/products/faster-pd-65w-power-bank-20000mah,https://cdn.shopify.com/s/files/1/0830/0897/9164/files/lg_Rbe4VzBEySFwiQeuG7ADpjaFU6q3LiyAlyhe6rez.jpg?v=1781866888,telex_output/images/127_Faster_PD-65W_Power_Bank_20000mAh.jpg
Faster PF-30K Power Bank 30000mAh,Faster,"Rs.8,699.00","Rs.10,000.00",-13%,In Stock,https://telex.pk/products/faster-pf-30k-power-bank-30000mah,https://cdn.shopify.com/s/files/1/0830/0897/9164/files/lg_olb9vQ23pIFRPq7ZSBsm32Sk9meiw3OdFJBI4OUW.jpg?v=1781866454,telex_output/images/128_Faster_PF-30K_Power_Bank_30000mAh.jpg
Faster PD-45W Power Bank 20000mAh,Faster,"Rs.9,499.00","Rs.12,000.00",-21%,In Stock,https://telex.pk/products/faster-pd-45w-power-bank-20000mah,https://cdn.shopify.com/s/files/1/0830/0897/9164/files/lg_a9k2JhB3wzUffzgR2ocBgafekDmnqemGE5oLOBmk.jpg?v=1781866196,telex_output/images/129_Faster_PD-45W_Power_Bank_20000mAh.jpg
Faster F5 Super Bass Wonderfull Sound Earphones Pack of 3,Faster,"Rs.1,999.00","Rs.3,000.00",-33%,In Stock,https://telex.pk/products/faster-f5-super-bass-wonderfull-sound-earphones-pack-of-3,https://cdn.shopify.com/s/files/1/0830/0897/9164/files/lg_K7x1nCwpwkUfxc266hIWhDhimvY6fpeStEKzgrSA.jpg?v=1781866001,telex_output/images/130_Faster_F5_Super_Bass_Wonderfull_Sound_Earphones_Pack_of_3.jpg
Faster FAC-30C GaN 30W Smallest PD Super Fast Charger,Faster,"Rs.2,899.00","Rs.3,800.00",-24%,In Stock,https://telex.pk/products/faster-fac-30c-gan-30w-smallest-pd-super-fast-charger,https://cdn.shopify.com/s/files/1/0830/0897/9164/files/lg_FVKRsxBgDVveyu3ZSr5qg1NTvMaUXKRs6c3n9FRf.jpg?v=1781864096,telex_output/images/131_Faster_FAC-30C_GaN_30W_Smallest_PD_Super_Fast_Charger.jpg
Faster PD-67W Triple Port Fast Charger,Faster,"Rs.7,499.00","Rs.9,000.00",-17%,In Stock,https://telex.pk/products/faster-pd-67w-fast-charger,https://cdn.shopify.com/s/files/1/0830/0897/9164/files/lg_FwPhqEGOgueaDXC0qjYQs9AENaOwHO61b8qUmxiR.jpg?v=1781863830,telex_output/images/132_Faster_PD-67W_Triple_Port_Fast_Charger.jpg
Faster FAC-65C Gan 65W PD Triple Port Super Fast Charger,Faster,"Rs.6,499.00","Rs.8,000.00",-19%,In Stock,https://telex.pk/products/faster-fac-65c-gan-65w-pd-super-fast-charger,https://cdn.shopify.com/s/files/1/0830/0897/9164/files/lg_QyHG3gfRVuwHbJ0vxaFKSszaQVQRsmHafZmLttuy.jpg?v=1781863435,telex_output/images/133_Faster_FAC-65C_Gan_65W_PD_Triple_Port_Super_Fast_Charger.jpg
Faster FUC-670 20W PD Charger,Faster,"Rs.4,399.00","Rs.5,500.00",-20%,In Stock,https://telex.pk/products/faster-fuc-670-20w-pd-charger,https://cdn.shopify.com/s/files/1/0830/0897/9164/files/lg_9l49m3ax8QVNr4ku1McWdkMF0jD6acImEyYj6QuR.jpg?v=1781863222,telex_output/images/134_Faster_FUC-670_20W_PD_Charger.jpg
Oraimo OCD-114 M2/C2/L2 RobustLine 2.4A Fast Charging Cable 2M,Oraimo,Rs.499.00,Rs.850.00,-41%,In Stock,https://telex.pk/products/oraimo-ocd-114-m2-c2-l2-robustline-2-4a-fast-charging-cable-2m,https://cdn.shopify.com/s/files/1/0830/0897/9164/files/lg_ubN0w7uBRIehT6QVZ5plrk1NqkyrMG1SG9Oids6b_4f2b99d5-13b6-46d7-b10f-176a73054779.jpg?v=1781778659,telex_output/images/135_Oraimo_OCD-114_M2_C2_L2_RobustLine_2.4A_Fast_Charging_Cable_2M.jpg
Oraimo OCD-114CC 60W Type-C to Type-C Data Cable,Oraimo,Rs.499.00,Rs.850.00,-41%,In Stock,https://telex.pk/products/oraimo-ocd-114cc-60w-type-c-to-type-c-data-cable,https://cdn.shopify.com/s/files/1/0830/0897/9164/files/images_2c4a54e1-28af-47ea-bdc9-365f5d9d3e50.jpg?v=1781778184,telex_output/images/136_Oraimo_OCD-114CC_60W_Type-C_to_Type-C_Data_Cable.jpg
Oraimo OCD-115CC SilkLine 60W Type-C to Type-C Fast Charging Data Cable 1M,Oraimo,Rs.599.00,Rs.850.00,-30%,In Stock,https://telex.pk/products/oraimo-ocd-115cc-silkline-60w-type-c-to-type-c-fast-charging-data-cable-1m,https://cdn.shopify.com/s/files/1/0830/0897/9164/files/lg_hyTdpMkyoEbjKFyjKLSKZ0UhAB1J8ns0NMsCJBPf.png?v=1781777899,telex_output/images/137_Oraimo_OCD-115CC_SilkLine_60W_Type-C_to_Type-C_Fast_Charging_Data_Cable_1M.png
Oraimo OCW-1111E+L53 Compact 10W Charger Kit USB-Lightning Cable,Oraimo,Rs.649.00,"Rs.1,000.00",-35%,In Stock,https://telex.pk/products/oraimo-ocw-1111e-l53-compact-10w-charger-kit-usb-lightning-cable,https://cdn.shopify.com/s/files/1/0830/0897/9164/files/dfsddafasdsdf_e23e4c32-1936-4ece-ac97-c0d95cb98d6a.jpg?v=1781768304,telex_output/images/138_Oraimo_OCW-1111E_L53_Compact_10W_Charger_Kit_USB-Lightning_Cable.jpg
Xzone X-4020G4 3-in-1 USB to Lightning + Type-C + Micro Cable (1.2M),Xzone,Rs.999.00,"Rs.1,500.00",-33%,In Stock,https://telex.pk/products/xzone-x-4020g4-3-in-1-usb-to-lightning-type-c-micro-cable-1-2m,https://cdn.shopify.com/s/files/1/0830/0897/9164/files/lg_pBytIZXTEHjTjuU5hx8TGz6ERuKM1bKQbubodx75.jpg?v=1781687596,telex_output/images/139_Xzone_X-4020G4_3-in-1_USB_to_Lightning___Type-C___Micro_Cable__1.2M_.jpg
XZone X-3020M3 20W Type-C to Lightning Fast Charging Data Cable 1M,Xzone,Rs.779.00,"Rs.1,200.00",-35%,In Stock,https://telex.pk/products/xzone-x-3020m3-20w-type-c-to-lightning-fast-charging-data-cable-1m,https://cdn.shopify.com/s/files/1/0830/0897/9164/files/dfsddafasdsdf_24.jpg?v=1781687272,telex_output/images/140_XZone_X-3020M3_20W_Type-C_to_Lightning_Fast_Charging_Data_Cable_1M.jpg
XZone X-3010M3 Type-C to Type-C Fast Charging Data Cable 1M,Xzone,Rs.749.00,"Rs.1,200.00",-38%,In Stock,https://telex.pk/products/xzone-x-3010m3-type-c-to-type-c-fast-charging-data-cable-1m,https://cdn.shopify.com/s/files/1/0830/0897/9164/files/dfsddafasdsdf_20.jpg?v=1781686986,telex_output/images/141_XZone_X-3010M3_Type-C_to_Type-C_Fast_Charging_Data_Cable_1M.jpg
XZone X-2020M8 USB-A to Type-C Fast Charging Data Cable 1M,Xzone,Rs.549.00,Rs.850.00,-35%,In Stock,https://telex.pk/products/xzone-x-2020m8-usb-to-type-c-fast-charging-data-cable-1m,https://cdn.shopify.com/s/files/1/0830/0897/9164/files/lg_CuHVrijpQl1nn3yFxFPkFXHzKvprOIGYrnenPiOY.jpg?v=1781686515,telex_output/images/142_XZone_X-2020M8_USB-A_to_Type-C_Fast_Charging_Data_Cable_1M.jpg
XZone X-2010M8 USB to Lightning Fast Charging Data Cable 1M,Xzone,Rs.549.00,Rs.850.00,-35%,In Stock,https://telex.pk/products/xzone-x-2010m8-usb-to-lightning-fast-charging-data-cable-1m,https://cdn.shopify.com/s/files/1/0830/0897/9164/files/lg_5BO3jOW9UImofxWERo7ocs6PlKLWV44TxC6BoUEs.jpg?v=1781686237,telex_output/images/143_XZone_X-2010M8_USB_to_Lightning_Fast_Charging_Data_Cable_1M.jpg
XZone X-1010M8 USB to Micro USB Fast Charging Data Cable 1M,Xzone,Rs.449.00,Rs.650.00,-31%,In Stock,https://telex.pk/products/xzone-x-1010m8-usb-to-micro-usb-fast-charging-data-cable-1m,https://cdn.shopify.com/s/files/1/0830/0897/9164/files/dfsddafasdsdf_19.jpg?v=1781686129,telex_output/images/144_XZone_X-1010M8_USB_to_Micro_USB_Fast_Charging_Data_Cable_1M.jpg
XZone X-TA20 45W Universal Travel Converter Adapter Fast Charging,Xzone,"Rs.4,999.00","Rs.6,500.00",-23%,In Stock,https://telex.pk/products/xzone-x-ta20-45w-universal-travel-converter-adapter-fast-charging,https://cdn.shopify.com/s/files/1/0830/0897/9164/files/lg_BANzjgPcBs77Qq0dAsvMsgi44Bnm3bnkIU7QvWdx.jpg?v=1781685769,telex_output/images/145_XZone_X-TA20_45W_Universal_Travel_Converter_Adapter_Fast_Charging.jpg
XZone X-A25 60W PD Type-C to Type-C Fast Charging Cable 2M,Xzone,"Rs.1,049.00","Rs.1,600.00",-34%,In Stock,https://telex.pk/products/xzone-x-a25-60w-pd-type-c-to-type-c-fast-charging-cable-2m,https://cdn.shopify.com/s/files/1/0830/0897/9164/files/lg_sZtaCRKxShzMFSdabU4HyH874NLm4W4UKEvJaGfc_4e267a82-4586-4a9c-9503-973890a35d65.jpg?v=1781685348,telex_output/images/146_XZone_X-A25_60W_PD_Type-C_to_Type-C_Fast_Charging_Cable_2M.jpg
XZone X-A24 30W PD Type-C to Lightning Fast Charging Cable 2M,Xzone,"Rs.1,049.00","Rs.1,600.00",-34%,In Stock,https://telex.pk/products/xzone-x-a24-30w-pd-type-c-to-lightning-fast-charging-cable-2m,https://cdn.shopify.com/s/files/1/0830/0897/9164/files/lg_JcnReVlgalwVRb0d8pcUZviXDqed02DD0RO0bvIJ.jpg?v=1781685265,telex_output/images/147_XZone_X-A24_30W_PD_Type-C_to_Lightning_Fast_Charging_Cable_2M.jpg
XZone X-A15 60W PD Type-C to Type-C Fast Charging Cable 1.2M,Xzone,Rs.849.00,"Rs.1,350.00",-37%,In Stock,https://telex.pk/products/xzone-x-a15-60w-pd-type-c-to-type-c-fast-charging-cable-1-2m,https://cdn.shopify.com/s/files/1/0830/0897/9164/files/lg_sZtaCRKxShzMFSdabU4HyH874NLm4W4UKEvJaGfc.jpg?v=1781684154,telex_output/images/148_XZone_X-A15_60W_PD_Type-C_to_Type-C_Fast_Charging_Cable_1.2M.jpg
XZone X-A14 30W PD Type-C to Lightning Fast Charging Cable 1.2M,Xzone,Rs.849.00,"Rs.1,250.00",-32%,In Stock,https://telex.pk/products/xzone-x-a14-30w-pd-type-c-to-lightning-fast-charging-cable-1-2m,https://cdn.shopify.com/s/files/1/0830/0897/9164/files/lg_aOOMy6jU55rpD75jfyxELluPyE9ZthwBmBj9Skim.jpg?v=1781683758,telex_output/images/149_XZone_X-A14_30W_PD_Type-C_to_Lightning_Fast_Charging_Cable_1.2M.jpg
XZone X-QP198 22.5W 10000mAh Power Bank with Built-in Type-C & Lightning Cables,Xzone,"Rs.3,999.00","Rs.5,000.00",-20%,In Stock,https://telex.pk/products/xzone-x-qp198-22-5w-10000mah-power-bank-with-built-in-type-c-lightning-cables,https://cdn.shopify.com/s/files/1/0830/0897/9164/files/lg_vcQNR8Yr9kq21OtS5CIXiRP3RqBC7xe2EijIaTzf.jpg?v=1781683499,telex_output/images/150_XZone_X-QP198_22.5W_10000mAh_Power_Bank_with_Built-in_Type-C___Lightning_Cables.jpg
XZone X-QP190 Mini 22.5W 10000mAh Power Bank with Built-in Type-C Cable,Xzone,"Rs.4,499.00","Rs.5,500.00",-18%,In Stock,https://telex.pk/products/xzone-x-qp190-mini-22-5w-10000mah-power-bank-with-built-in-type-c-cable,https://cdn.shopify.com/s/files/1/0830/0897/9164/files/lg_J9JfDO9LzcJDKZy1GOu1YJMeVZ6XUn5EQHAu8CNB.jpg?v=1781683130,telex_output/images/151_XZone_X-QP190_Mini_22.5W_10000mAh_Power_Bank_with_Built-in_Type-C_Cable.jpg
XZone X-W34 25W PD Wireless 10000mAh Fast Charging Power Bank,Xzone,"Rs.5,299.00","Rs.7,000.00",-24%,In Stock,https://telex.pk/products/xzone-x-w34-25w-pd-wireless-10000mah-fast-charging-power-bank,https://cdn.shopify.com/s/files/1/0830/0897/9164/files/lg_dbg8ljq6bO4KZ0z8TLlSrPQUdoIIjd06204rH4PW.jpg?v=1781682689,telex_output/images/152_XZone_X-W34_25W_PD_Wireless_10000mAh_Fast_Charging_Power_Bank.jpg
Xzone X-HF16 HiFi Sound Type C Handsfree,Xzone,Rs.999.00,"Rs.1,350.00",-26%,In Stock,https://telex.pk/products/xzone-x-hf16-hifi-sound-type-c-handsfree,https://cdn.shopify.com/s/files/1/0830/0897/9164/files/lg_gB4BTFIpp3cY2MwuRemeVIK3FeFEQqIWxxD4FSwB.jpg?v=1781682520,telex_output/images/153_Xzone_X-HF16_HiFi_Sound_Type_C_Handsfree.jpg
Xzone X-HF15 HiFi Sound Lightning Handsfree,Xzone,Rs.999.00,"Rs.1,350.00",-26%,In Stock,https://telex.pk/products/xzone-x-hf15-hifi-sound-lightning-handsfree,https://cdn.shopify.com/s/files/1/0830/0897/9164/files/lg_uPtcauBr2IyfcfNMv5ssYGYdjCoZF0APYFvcRyoH.jpg?v=1781682310,telex_output/images/154_Xzone_X-HF15_HiFi_Sound_Lightning_Handsfree.jpg
XZone X-TCN4 15W Dual USB Wall Charger,Xzone,Rs.899.00,"Rs.1,350.00",-33%,In Stock,https://telex.pk/products/xzone-x-tcn4-15w-dual-usb-wall-charger,https://cdn.shopify.com/s/files/1/0830/0897/9164/files/lg_K3hsqzSRMzwHCvjVFLPnCPPaaNnqLBPsjbtZzJL8.jpg?v=1781682212,telex_output/images/155_XZone_X-TCN4_15W_Dual_USB_Wall_Charger.jpg
Xzone X-TCF100 45W 2PD + QC Triple Port Fast Charger,Xzone,"Rs.2,099.00","Rs.2,850.00",-26%,In Stock,https://telex.pk/products/xzone-x-tcf100-45w-2pd-qc-triple-port-fast-charger,https://cdn.shopify.com/s/files/1/0830/0897/9164/files/lg_E9GKvK2PCJYHjwzlJENUBzkk4n4Xa63O4IhZdJiO.jpg?v=1781681895,telex_output/images/156_Xzone_X-TCF100_45W_2PD___QC_Triple_Port_Fast_Charger.jpg
XZone X-CH45 38W PD + QC Dual Port Car Charger,Xzone,Rs.999.00,"Rs.1,500.00",-33%,In Stock,https://telex.pk/products/xzone-x-ch45-38w-pd-qc-dual-port-car-charger,https://cdn.shopify.com/s/files/1/0830/0897/9164/files/lg_DNNTa4UTJ7VFLydqHDVSbNg9xVfs5bVncvHm4yPJ.jpg?v=1781681515,telex_output/images/157_XZone_X-CH45_38W_PD___QC_Dual_Port_Car_Charger.jpg
XZone X-4010G3 2-in-1 USB-A to Lightning & Type-C Fast Charging Cable,Xzone,Rs.849.00,"Rs.1,200.00",-29%,In Stock,https://telex.pk/products/xzone-x-4010g3-2-in-1-usb-a-to-lightning-type-c-fast-charging-cable,https://cdn.shopify.com/s/files/1/0830/0897/9164/files/lg_okcZ2gDaRhVZi65o053SV3bp6uHKTVpXmBHDC6tG.jpg?v=1781681351,telex_output/images/158_XZone_X-4010G3_2-in-1_USB-A_to_Lightning___Type-C_Fast_Charging_Cable.jpg
Xzone X-HF20 HiFi Sound Type-C Handsfree,Xzone,Rs.999.00,"Rs.1,200.00",-17%,In Stock,https://telex.pk/products/xzone-x-hf20-hifi-sound-type-c-handsfree,https://cdn.shopify.com/s/files/1/0830/0897/9164/files/dfsddafasdsdf_17.jpg?v=1781681125,telex_output/images/159_Xzone_X-HF20_HiFi_Sound_Type-C_Handsfree.jpg
Xzone X-HF21 HiFi Sound Aux Handsfree,Xzone,Rs.799.00,"Rs.1,200.00",-33%,In Stock,https://telex.pk/products/xzone-x-hf21-hifi-sound-aux-handsfree,https://cdn.shopify.com/s/files/1/0830/0897/9164/files/lg_He7Y0zwcb0NvA8EUy3k3Di9qDJoVwOCsqpGuP0Fi.jpg?v=1781680236,telex_output/images/160_Xzone_X-HF21_HiFi_Sound_Aux_Handsfree.jpg
Infinix XH01 Stereo Wired Earphones,Infinix,Rs.569.00,"Rs.1,200.00",-53%,In Stock,https://telex.pk/products/infinix-xh01-stereo-wired-earphones,https://cdn.shopify.com/s/files/1/0830/0897/9164/files/lg_MLJzaTBJekdcd2trAhJYkpfC71eGnLfIbJczi1rq.webp?v=1781675971,telex_output/images/161_Infinix_XH01_Stereo_Wired_Earphones.webp
Xiaomi 3A Braided USB-C to USB-C Fast Charging Cable 1m,Xiaomi,"Rs.1,549.00","Rs.1,850.00",-16%,In Stock,https://telex.pk/products/xiaomi-3a-braided-usb-c-to-usb-c-fast-charging-cable-1m,https://cdn.shopify.com/s/files/1/0830/0897/9164/files/dfsddafasddf_8.jpg?v=1781631261,telex_output/images/162_Xiaomi_3A_Braided_USB-C_to_USB-C_Fast_Charging_Cable_1m.jpg
Xiaomi 3A USB-A to USB-C Cable,Xiaomi,"Rs.1,349.00",,,In Stock,https://telex.pk/products/xiaomi-3a-usb-a-to-usb-c-cable,https://cdn.shopify.com/s/files/1/0830/0897/9164/files/dfsddafasddf_7.jpg?v=1781630895,telex_output/images/163_Xiaomi_3A_USB-A_to_USB-C_Cable.jpg
Xiaomi Mi USB-C to Lightning Fast Charging Cable,Xiaomi,"Rs.3,099.00","Rs.4,000.00",-23%,In Stock,https://telex.pk/products/xiaomi-mi-usb-c-to-lightning-fast-charging-cable,https://cdn.shopify.com/s/files/1/0830/0897/9164/files/dfsddafasddf_5.jpg?v=1781629418,telex_output/images/164_Xiaomi_Mi_USB-C_to_Lightning_Fast_Charging_Cable.jpg
Xiaomi Mi 67W Dual Port Car Charger USB-A + Type-C,Xiaomi,"Rs.6,499.00","Rs.7,500.00",-13%,In Stock,https://telex.pk/products/xiaomi-mi-67w-dual-port-car-charger-usb-a-type-c,https://cdn.shopify.com/s/files/1/0830/0897/9164/files/dfsddafasddf_3.jpg?v=1781627838,telex_output/images/165_Xiaomi_Mi_67W_Dual_Port_Car_Charger_USB-A___Type-C.jpg
Xiaomi Mi 37W Dual Port Car Charger,Xiaomi,"Rs.3,299.00","Rs.4,000.00",-18%,In Stock,https://telex.pk/products/xiaomi-mi-37w-dual-port-car-charger,https://cdn.shopify.com/s/files/1/0830/0897/9164/files/dfsddafasddf.jpg?v=1781626656,telex_output/images/166_Xiaomi_Mi_37W_Dual_Port_Car_Charger.jpg
Xiaomi 45W Nano Turbo Charging Power Adapter (2-Port),Xiaomi,"Rs.5,849.00","Rs.7,000.00",-16%,In Stock,https://telex.pk/products/xiaomi-45w-nano-turbo-charging-power-adapter-2-port,https://cdn.shopify.com/s/files/1/0830/0897/9164/files/dfsdafasddf_5.jpg?v=1781614326,telex_output/images/167_Xiaomi_45W_Nano_Turbo_Charging_Power_Adapter__2-Port_.jpg
Xiaomi 20W Fast Charging Power Adapter (Type-C),Xiaomi,"Rs.2,699.00","Rs.3,500.00",-23%,In Stock,https://telex.pk/products/xiaomi-20w-fast-charging-power-adapter-type-c,https://cdn.shopify.com/s/files/1/0830/0897/9164/files/dfsdafasddf_4.jpg?v=1781614026,telex_output/images/168_Xiaomi_20W_Fast_Charging_Power_Adapter__Type-C_.jpg
Xiaomi 80W Adaptive Wireless Charging Stand,Xiaomi,"Rs.17,799.00","Rs.21,000.00",-15%,In Stock,https://telex.pk/products/xiaomi-80w-adaptive-wireless-charging-stand,https://cdn.shopify.com/s/files/1/0830/0897/9164/files/lg_HKWsRdC0WcfwIjt89wqi9SLBpyJbKpu21GdxmPGD.jpg?v=1781613308,telex_output/images/169_Xiaomi_80W_Adaptive_Wireless_Charging_Stand.jpg
Xiaomi Redmi Buds 8 Pro True Wireless Earbuds,Xiaomi,"Rs.18,499.00","Rs.22,000.00",-16%,In Stock,https://telex.pk/products/xiaomi-redmi-buds-8-pro-true-wireless-earbuds,https://cdn.shopify.com/s/files/1/0830/0897/9164/files/ddfsd85dfas.jpg?v=1781604857,telex_output/images/170_Xiaomi_Redmi_Buds_8_Pro_True_Wireless_Earbuds.jpg
Xiaomi Piston Basic Wired In-Ear Earphones,Xiaomi,"Rs.1,999.00","Rs.2,800.00",-29%,In Stock,https://telex.pk/products/xiaomi-piston-basic-wired-in-ear-earphones,https://cdn.shopify.com/s/files/1/0830/0897/9164/files/ddfsd8542fsdffaaa_1.jpg?v=1781604107,telex_output/images/171_Xiaomi_Piston_Basic_Wired_In-Ear_Earphones.jpg
Xiaomi Type-C Earphones,Xiaomi,"Rs.1,899.00","Rs.2,500.00",-24%,In Stock,https://telex.pk/products/xiaomi-type-c-earphones,https://cdn.shopify.com/s/files/1/0830/0897/9164/files/ddfsd85428f5sfasfaaa_2.jpg?v=1781603629,telex_output/images/172_Xiaomi_Type-C_Earphones.jpg
Samsung 45W Adapter 3 Pin Without Cable,Samsung,"Rs.4,499.00","Rs.4,500.00",-0%,In Stock,https://telex.pk/products/samsung-45w-adapter-3-pin-without-cable,https://cdn.shopify.com/s/files/1/0830/0897/9164/files/lg_kYISfvWNny0C8TQvkTy0CheGyZbOnbKcnduXLR0P.jpg?v=1781598848,telex_output/images/173_Samsung_45W_Adapter_3_Pin_Without_Cable.jpg
Samsung 3A USB-C to USB-C Cable 1.8m,Samsung,"Rs.1,499.00","Rs.2,200.00",-32%,In Stock,https://telex.pk/products/samsung-3a-usb-c-to-usb-c-cable-1-8m,https://cdn.shopify.com/s/files/1/0830/0897/9164/files/lg_wYMe6nHxIGKekk5Yu0GmJd1WcAOmQOGO9odPlL5x.jpg?v=1781598680,telex_output/images/174_Samsung_3A_USB-C_to_USB-C_Cable_1.8m.jpg
Samsung 25W Power Adapter Without Cable 2 Pin EU Plug New Version,Samsung,"Rs.3,199.00","Rs.4,000.00",-20%,In Stock,https://telex.pk/products/samsung-25w-power-adapter-without-cable-2-pin-eu-plug-new-version,https://cdn.shopify.com/s/files/1/0830/0897/9164/files/lg_UeRgfqbCgw04LnDnpJ5lmb6P3DilWzQU5KU21Evd.jpg?v=1781598143,telex_output/images/175_Samsung_25W_Power_Adapter_Without_Cable_2_Pin_EU_Plug_New_Version.jpg
Samsung 25W Adapter 3 Pin Without Cable,Samsung,"Rs.3,299.00","Rs.4,500.00",-27%,In Stock,https://telex.pk/products/samsung-25w-adapter-3-pin-without-cable,https://cdn.shopify.com/s/files/1/0830/0897/9164/files/lg_0snSy3N3Mxw3iO5Tx6Ewe3ANnFStxqofYlCJyTGv.jpg?v=1781597998,telex_output/images/176_Samsung_25W_Adapter_3_Pin_Without_Cable.jpg
Vizo V1000 Clamp USB Charger,VIzo,Rs.699.00,"Rs.1,200.00",-42%,In Stock,https://telex.pk/products/vizo-v1000-clamp-usb-charger,https://cdn.shopify.com/s/files/1/0830/0897/9164/files/lg_abNHTxZKsm75do83osufCS6NYFafWaFlg2PbIDMV.jpg?v=1781596225,telex_output/images/177_Vizo_V1000_Clamp_USB_Charger.jpg
Vizo Va1 Fast Charger With Micro Cable,VIzo,Rs.589.00,Rs.850.00,-31%,In Stock,https://telex.pk/products/vizo-va1-fast-charger-with-micro-cable,https://cdn.shopify.com/s/files/1/0830/0897/9164/files/lg_6eQQAbJIezsiImdImdphhiMFfp7Yhmz2IbS7ruUf_1.jpg?v=1781595791,telex_output/images/178_Vizo_Va1_Fast_Charger_With_Micro_Cable.jpg
Vizo VS700 Surround Sound Handsfree,VIzo,Rs.419.00,Rs.600.00,-30%,In Stock,https://telex.pk/products/vizo-vs700-surround-sound-handsfree,https://cdn.shopify.com/s/files/1/0830/0897/9164/files/lg_t3ryvELr1uLNrnGrqA6916Bl5wkNOEdL3efMbpWM.jpg?v=1781595462,telex_output/images/179_Vizo_VS700_Surround_Sound_Handsfree.jpg
Vizo V3A Charger with Built-In Micro Cable,VIzo,Rs.399.00,Rs.600.00,-34%,In Stock,https://telex.pk/products/vizo-v3a-charger-with-built-in-micro-cable,https://cdn.shopify.com/s/files/1/0830/0897/9164/files/lg_RxNo6cp3sZcBdUelW1LFoYyHdd6VOYoRtSy4rTA7.jpg?v=1781595185,telex_output/images/180_Vizo_V3A_Charger_with_Built-In_Micro_Cable.jpg
Vizo KW300 Dual Port Wall Charger With Built-in Micro Cable,VIzo,Rs.599.00,Rs.800.00,-25%,In Stock,https://telex.pk/products/vizo-kw300-dual-port-wall-charger-with-built-in-micro-cable,https://cdn.shopify.com/s/files/1/0830/0897/9164/files/lg_3nphtyVMY4hkYiQAYzukx1mqjQeB2I86p8dyRd6g.jpg?v=1781594928,telex_output/images/181_Vizo_KW300_Dual_Port_Wall_Charger_With_Built-in_Micro_Cable.jpg
Vizo V23 Simple USB Charger with Built-in Micro Cable,VIzo,Rs.329.00,,,In Stock,https://telex.pk/products/vizo-v23-simple-usb-charger-with-built-in-micro-cable,https://cdn.shopify.com/s/files/1/0830/0897/9164/files/lg_ipsumG4A1Z7cuTxLCRHQix1dcaS1NShv4g9DGSWB.jpg?v=1781594507,telex_output/images/182_Vizo_V23_Simple_USB_Charger_with_Built-in_Micro_Cable.jpg
Vizo V16 Triple Port 18W  Fast Charger With Built-In Cable,VIzo,Rs.819.00,"Rs.1,250.00",-34%,In Stock,https://telex.pk/products/vizo-v16-triple-port-18w-fast-charger-with-built-in-cable,https://cdn.shopify.com/s/files/1/0830/0897/9164/files/lg_GUccfT9P4hRbLoheAqJXW2N7GZXgSAj9VSEeuyoI.jpg?v=1781594087,telex_output/images/183_Vizo_V16_Triple_Port_18W__Fast_Charger_With_Built-In_Cable.jpg
Vizo VHT-12 10000mAh Power Bank With Built-In Cables,VIzo,"Rs.2,559.00","Rs.3,500.00",-27%,In Stock,https://telex.pk/products/vizo-vht-12-10000mah-power-bank-with-built-in-cables,https://cdn.shopify.com/s/files/1/0830/0897/9164/files/lg_LDRCd6rDuipimt6tYXsZUtmuO7EJuHGsk2TRD644.jpg?v=1781593773,telex_output/images/184_Vizo_VHT-12_10000mAh_Power_Bank_With_Built-In_Cables.jpg
Vizo Kung Fu X2 Wireless Neckband,VIzo,"Rs.1,379.00","Rs.1,850.00",-25%,In Stock,https://telex.pk/products/vizo-kung-fu-x2-wireless-neckband,https://cdn.shopify.com/s/files/1/0830/0897/9164/files/lg_eiWUvTHJBigBY3BkfdwhQh02dsJVYtodnEKLIjEI.jpg?v=1781593449,telex_output/images/185_Vizo_Kung_Fu_X2_Wireless_Neckband.jpg
Vizo V606 Type-C 67W Fast Charging Cable,VIzo,Rs.349.00,Rs.550.00,-37%,In Stock,https://telex.pk/products/vizo-v606-type-c-67w-fast-charging-cable,https://cdn.shopify.com/s/files/1/0830/0897/9164/files/lg_yEkBQYoQkzl4RdL6cKVYOEKGc1QjiA8a9R6JXIph.jpg?v=1781593296,telex_output/images/186_Vizo_V606_Type-C_67W_Fast_Charging_Cable.jpg
Vizo Airgrove AKG HandsFree,VIzo,Rs.429.00,Rs.650.00,-34%,In Stock,https://telex.pk/products/vizo-airgrove-akg-handsfree,https://cdn.shopify.com/s/files/1/0830/0897/9164/files/lg_TryGxYaMrpZL4dq5tdzZE3JxtHuI38BEmjudYpPj.jpg?v=1781592915,telex_output/images/187_Vizo_Airgrove_AKG_HandsFree.jpg
Vizo Apple Handsfree Lightning Connector,VIzo,"Rs.2,299.00","Rs.3,000.00",-23%,In Stock,https://telex.pk/products/vizo-apple-handsfree-lightning-connector,https://cdn.shopify.com/s/files/1/0830/0897/9164/files/lg_mTT4URlEHG6nScJT8Uf4cik8LFrIAzwwyiFj8WFg.jpg?v=1781592659,telex_output/images/188_Vizo_Apple_Handsfree_Lightning_Connector.jpg
Vizo Selfi HandsFree,VIzo,Rs.439.00,Rs.650.00,-32%,In Stock,https://telex.pk/products/vizo-selfi-handsfree,https://cdn.shopify.com/s/files/1/0830/0897/9164/files/lg_7twN4ce8UXrDesi6BeZLOWte8tJ4TU7EnvfwvMu6.jpg?v=1781592456,telex_output/images/189_Vizo_Selfi_HandsFree.jpg
Vizo V999 5-in-1 65W Ultra Fast Multi-Mode Cable,VIzo,Rs.499.00,Rs.650.00,-23%,In Stock,https://telex.pk/products/vizo-v999-5-in-1-65w-ultra-fast-multi-mode-cable,https://cdn.shopify.com/s/files/1/0830/0897/9164/files/lg_wCSu6whCSk0RIbFqX4iqbMCukKjgJPHJXyxFCS7M.jpg?v=1781592252,telex_output/images/190_Vizo_V999_5-in-1_65W_Ultra_Fast_Multi-Mode_Cable.jpg
Vizo V4A Micro / Type-C 120W Fast Charging Cable,VIzo,Rs.409.00,Rs.650.00,-37%,In Stock,https://telex.pk/products/vizo-v4a-type-c-120w-fast-charging-cable,https://cdn.shopify.com/s/files/1/0830/0897/9164/files/lg_fLHIHFCnfmGylYt2vKre6xnFyHgR4Vep7K71asdn.jpg?v=1781591742,telex_output/images/191_Vizo_V4A_Micro___Type-C_120W_Fast_Charging_Cable.jpg
Vizo 5 in 1 Dual Port Fast Charging Cable – Multi-Connector High-Speed Charging Cable,VIzo,Rs.449.00,Rs.650.00,-31%,In Stock,https://telex.pk/products/vizo-5-in-1-dual-port-fast-charging-cable-multi-connector-high-speed-charging-cable,https://cdn.shopify.com/s/files/1/0830/0897/9164/files/lg_YtN5YgPCISfw9MD4jUMu0SPo11tglwiQb15ggBUr.jpg?v=1781591477,telex_output/images/192_Vizo_5_in_1_Dual_Port_Fast_Charging_Cable___Multi-Connector_High-Speed_Charging_.jpg
Vizo V5A Micro Cable,VIzo,Rs.369.00,Rs.500.00,-26%,In Stock,https://telex.pk/products/vizo-v5a-micro-cable,https://cdn.shopify.com/s/files/1/0830/0897/9164/files/lg_ktzlL8nnsM0dtWwexokyLBRqxya44DtrUOM3LEpA.jpg?v=1781590967,telex_output/images/193_Vizo_V5A_Micro_Cable.jpg
Vizo V Go 22W Fast Charging Type-C Data Cable,VIzo,Rs.299.00,Rs.450.00,-34%,In Stock,https://telex.pk/products/vizo-v-go-22w-fast-charging-type-c-data-cable,https://cdn.shopify.com/s/files/1/0830/0897/9164/files/lg_MDLAoYxW5NZ6391IOuH6Qs11IprPhGtqHOBJCHou.jpg?v=1781590673,telex_output/images/194_Vizo_V_Go_22W_Fast_Charging_Type-C_Data_Cable.jpg
Vizo iCore Pro Premium 3-Pin iPhone Charger Wiht USB-C to Lightning Cable,VIzo,"Rs.2,759.00","Rs.3,500.00",-21%,In Stock,https://telex.pk/products/vizo-icore-pro-premium-3-pin-iphone-charger-wiht-usb-c-to-lightning-cable,https://cdn.shopify.com/s/files/1/0830/0897/9164/files/lg_PNdPUh77tygwoR2UCrf27pt5cFy6PrtVP0BMioV6.jpg?v=1781590510,telex_output/images/195_Vizo_iCore_Pro_Premium_3-Pin_iPhone_Charger_Wiht_USB-C_to_Lightning_Cable.jpg
Vizo 3A Light Change Charger with 2 USB Ports & Built-in Micro USB Cable,VIzo,Rs.799.00,"Rs.1,200.00",-33%,In Stock,https://telex.pk/products/vizo-3a-light-change-charger-with-2-usb-ports-built-in-micro-usb-cable,https://cdn.shopify.com/s/files/1/0830/0897/9164/files/lg_HbvByBodTicdB3MDgAMDK5LKHPG6Mg4vQPdIsMx7.jpg?v=1781590139,telex_output/images/196_Vizo_3A_Light_Change_Charger_with_2_USB_Ports___Built-in_Micro_USB_Cable.jpg
Vizo OXY80 80W Dynamic Fast Wall Charger Adapter,VIzo,"Rs.1,229.00","Rs.1,600.00",-23%,In Stock,https://telex.pk/products/vizo-oxy80-80w-dynamic-fast-wall-charger-adapter,https://cdn.shopify.com/s/files/1/0830/0897/9164/files/lg_DP4uYfTBxVGrfO6q780EbCcJspJEvlIZRbPvKweb.jpg?v=1781589883,telex_output/images/197_Vizo_OXY80_80W_Dynamic_Fast_Wall_Charger_Adapter.jpg
Vizo BL-5C 1050mAh Rechargeable Lithium-Ion Battery (Feature Phone Replacement Cell),VIzo,Rs.559.00,Rs.750.00,-25%,In Stock,https://telex.pk/products/vizo-bl-5c-1050mah-rechargeable-lithium-ion-battery-feature-phone-replacement-cell,https://cdn.shopify.com/s/files/1/0830/0897/9164/files/lg_8U13FKPToFxXmLrD5MEXhDo8u6hTUNL49KKGnitn.jpg?v=1781589098,telex_output/images/198_Vizo_BL-5C_1050mAh_Rechargeable_Lithium-Ion_Battery__Feature_Phone_Replacement_C.jpg
Vizo BL-5C 950mAh Lithium-ion Rechargeable Battery,VIzo,Rs.389.00,Rs.600.00,-35%,In Stock,https://telex.pk/products/vizo-bl-5c-950mah-lithium-ion-rechargeable-battery,https://cdn.shopify.com/s/files/1/0830/0897/9164/files/lg_PFvqZLKzJFasqiT5seErFs3NXIm9L13ehhAPnIsJ.jpg?v=1781588855,telex_output/images/199_Vizo_BL-5C_950mAh_Lithium-ion_Rechargeable_Battery.jpg
Vizo VR9-C Stereo Sound Type-C Handsfree,VIzo,Rs.699.00,"Rs.1,100.00",-36%,In Stock,https://telex.pk/products/vizo-vr9-c-stereo-sound-type-c-handsfree,https://cdn.shopify.com/s/files/1/0830/0897/9164/files/lg_56YBUYyhmE0AlE6tTXUmSjHm3DgVeb73y55KOzbs.jpg?v=1781588639,telex_output/images/200_Vizo_VR9-C_Stereo_Sound_Type-C_Handsfree.jpg
Vizo V007 18W Fast Wall Charger with Type-C Cable,VIzo,Rs.459.00,Rs.700.00,-34%,In Stock,https://telex.pk/products/vizo-v007-18w-fast-wall-charger-with-type-c-cable,https://cdn.shopify.com/s/files/1/0830/0897/9164/files/lg_nuJ8Yer3NXSxPXb9PtsR5qkA0NbFvE5qG7jjRRel.jpg?v=1781588496,telex_output/images/201_Vizo_V007_18W_Fast_Wall_Charger_with_Type-C_Cable.jpg
Vizo CAR45 Volt Series 45W Dual-Port Smart Car Charger with V999 4-in-1 Cable,VIzo,"Rs.1,449.00","Rs.2,000.00",-28%,In Stock,https://telex.pk/products/vizo-car45-volt-series-45w-dual-port-smart-car-charger-with-v999-4-in-1-cable,https://cdn.shopify.com/s/files/1/0830/0897/9164/files/lg_TW43uhYwxCXIQVaGzWLjZKqs5pCdgfkK7hOxc2Rj.jpg?v=1781587977,telex_output/images/202_Vizo_CAR45_Volt_Series_45W_Dual-Port_Smart_Car_Charger_with_V999_4-in-1_Cable.jpg
Vizo Diamond 3A Fast Car Charger with Built-in Micro USB Cable,VIzo,Rs.769.00,"Rs.1,200.00",-36%,In Stock,https://telex.pk/products/vizo-diamond-3a-fast-car-charger-with-built-in-micro-usb-cable,https://cdn.shopify.com/s/files/1/0830/0897/9164/files/lg_tqNzJMcGho6MyUbEgkBVhXenJ2Di5SimLfICDdW7.jpg?v=1781587782,telex_output/images/203_Vizo_Diamond_3A_Fast_Car_Charger_with_Built-in_Micro_USB_Cable.jpg
Vizo VR9 Micro Premium Wired Earphones,VIzo,Rs.549.00,Rs.850.00,-35%,In Stock,https://telex.pk/products/vizo-vr9-micro-premium-wired-earphones,https://cdn.shopify.com/s/files/1/0830/0897/9164/files/lg_EX55o0PmPaZwm6c2MukhRqbHtIdYSThrDe1RQqn6_1.jpg?v=1781587609,telex_output/images/204_Vizo_VR9_Micro_Premium_Wired_Earphones.jpg
Vizo V65 BlazePro Wired Stereo Earphones,VIzo,Rs.399.00,Rs.600.00,-34%,In Stock,https://telex.pk/products/vizo-v65-blazepro-wired-stereo-earphones,https://cdn.shopify.com/s/files/1/0830/0897/9164/files/lg_3U3M8JxR7tu3xEJEyNjpNQOsdflfC6pkawAqsjGG.jpg?v=1781587408,telex_output/images/205_Vizo_V65_BlazePro_Wired_Stereo_Earphones.jpg
Vizo VW45 Volt Series 45W Dual-Port Fast Wall Charger,VIzo,"Rs.1,849.00","Rs.2,500.00",-26%,In Stock,https://telex.pk/products/vizo-vw45-volt-series-45w-dual-port-fast-wall-charger,https://cdn.shopify.com/s/files/1/0830/0897/9164/files/lg_jGB7yux0Jg9Opr8xsXX6XlxPNWq1svk1E0SBhxQu.jpg?v=1781587277,telex_output/images/206_Vizo_VW45_Volt_Series_45W_Dual-Port_Fast_Wall_Charger.jpg
"Vizo VHT-07 10,000mAh Power Bank",VIzo,"Rs.2,659.00","Rs.3,500.00",-24%,In Stock,https://telex.pk/products/vizo-vht-07-10-000mah-power-bank,https://cdn.shopify.com/s/files/1/0830/0897/9164/files/lg_TlIA0kQpIH4GaqAuh0yQ6qHrqoTh8ywy6I43RSvT_1.jpg?v=1781587055,telex_output/images/207_Vizo_VHT-07_10_000mAh_Power_Bank.jpg
Vizo VC202 Type-C 80W Super Fast Charging Cable,VIzo,Rs.229.00,Rs.400.00,-43%,In Stock,https://telex.pk/products/vizo-vc202-type-c-80w-super-fast-charging-cable,https://cdn.shopify.com/s/files/1/0830/0897/9164/files/lg_QssqrjA1P1b5NLzWWVgXI4gjSVG5aGQUh4rvvcAl.jpg?v=1781586395,telex_output/images/208_Vizo_VC202_Type-C_80W_Super_Fast_Charging_Cable.jpg
Vizo V Go Pro 85W USB To Type C Charging Cable,VIzo,Rs.229.00,Rs.400.00,-43%,In Stock,https://telex.pk/products/vizo-v-go-pro-85w-usb-to-type-c-charging-cable,https://cdn.shopify.com/s/files/1/0830/0897/9164/files/lg_pBqjs9oaOxlLuu0u0lEMJfw5dxGljgWd4npMaUOr.jpg?v=1781585510,telex_output/images/209_Vizo_V_Go_Pro_85W_USB_To_Type_C_Charging_Cable.jpg
Vizo Magnus 30 30000mAh Fast Charging Power Bank With Built-In Cables,VIzo,"Rs.5,329.00","Rs.7,000.00",-24%,In Stock,https://telex.pk/products/vizo-magnus-30-30000mah-fast-charging-power-bank-with-built-in-cables,https://cdn.shopify.com/s/files/1/0830/0897/9164/files/lg_cEdRdo1quY6sJ47lOAae9kVIxoAWN54OKLkOoQsX.jpg?v=1781585284,telex_output/images/210_Vizo_Magnus_30_30000mAh_Fast_Charging_Power_Bank_With_Built-In_Cables.jpg
Vizo VPB-P20 PowerX 20 20000mAh 22.5W Super Fast Charging Power Bank With Built-In Cables,VIzo,"Rs.4,299.00","Rs.5,500.00",-22%,In Stock,https://telex.pk/products/vizo-vpb-p20-powerx-20-20000mah-22-5w-super-fast-charging-power-bank-with-built-in-cables,https://cdn.shopify.com/s/files/1/0830/0897/9164/files/lg_XdsZRpg8UvgkrMemHygR3Xd12WY1pKk8ukKujudn.jpg?v=1781584958,telex_output/images/211_Vizo_VPB-P20_PowerX_20_20000mAh_22.5W_Super_Fast_Charging_Power_Bank_With_Built-.jpg
Vizo VPB-T10 Titan 10 10000mAh 22.5W Fast Charging Power Bank With Built-In Cables,VIzo,"Rs.3,099.00","Rs.4,500.00",-31%,In Stock,https://telex.pk/products/vizo-vpb-t10-titan-10-10000mah-22-5w-fast-charging-power-bank-with-built-in-cables,https://cdn.shopify.com/s/files/1/0830/0897/9164/files/lg_NskFOCGlxPIsF71P9hDuqBgsckVejHRUI6EQLCgl.jpg?v=1781552312,telex_output/images/212_Vizo_VPB-T10_Titan_10_10000mAh_22.5W_Fast_Charging_Power_Bank_With_Built-In_Cabl.jpg
Vizo Plug Pro VPC 12 USB + PD Fast Charger with Charging Cable,VIzo,Rs.799.00,"Rs.1,200.00",-33%,In Stock,https://telex.pk/products/vizo-plug-pro-vpc-12-usb-pd-fast-charger-with-micro-charging-cable,https://cdn.shopify.com/s/files/1/0830/0897/9164/files/lg_Ye2ZTVWzgI3mrNzgDeSZFSCQHYpCnkyjGYjwgLUc.jpg?v=1781551833,telex_output/images/213_Vizo_Plug_Pro_VPC_12_USB___PD_Fast_Charger_with_Charging_Cable.jpg
Vizo VC101 Micro 80W Super Fast Charging Cable,VIzo,Rs.259.00,Rs.400.00,-35%,In Stock,https://telex.pk/products/vizo-vc101-micro-80w-super-fast-charging-cable,https://cdn.shopify.com/s/files/1/0830/0897/9164/files/lg_vtUGivGInoyGn9IwUtMNxyykHSqsCRFE6zRo0pJY.jpg?v=1781551225,telex_output/images/214_Vizo_VC101_Micro_80W_Super_Fast_Charging_Cable.jpg
Vizo VMC120 120W Super Fast Charger,VIzo,"Rs.1,399.00","Rs.1,850.00",-24%,In Stock,https://telex.pk/products/vizo-vmc120-120w-super-fast-charger,https://cdn.shopify.com/s/files/1/0830/0897/9164/files/lg_t3kPzrCmTZYhSaNq2rERCDcwGLFxMFtEMJcB2a6F.jpg?v=1781550804,telex_output/images/215_Vizo_VMC120_120W_Super_Fast_Charger.jpg
Vizo Hyper 45W PD Super Fast charger,VIzo,"Rs.1,249.00","Rs.1,850.00",-32%,In Stock,https://telex.pk/products/vizo-hyper-45w-pd-super-fast-charger,https://cdn.shopify.com/s/files/1/0830/0897/9164/files/lg_HRes44qr06yK2XcgfxSomAnUDWOoeYhQaXMi6y63.jpg?v=1781550466,telex_output/images/216_Vizo_Hyper_45W_PD_Super_Fast_charger.jpg
Pitaka Ultra-Slim Protective Case for Samsung Galaxy Flip 7 - Black,Pitaka,"Rs.16,999.00","Rs.20,000.00",-15%,In Stock,https://telex.pk/products/pitaka-ultra-slim-protective-case-for-samsung-galaxy-flip-7-black,https://cdn.shopify.com/s/files/1/0830/0897/9164/files/lg_WwaKyY1xTAGtm7Mi8POsny9dDWY3fPFOhGrVymNh.jpg?v=1781549818,telex_output/images/217_Pitaka_Ultra-Slim_Protective_Case_for_Samsung_Galaxy_Flip_7_-_Black.jpg
Pitaka X Aries MagEZ Compatible Luminous Case for Samsung Galaxy S25 Ultra - Black,Pitaka,"Rs.19,499.00","Rs.25,000.00",-22%,In Stock,https://telex.pk/products/pitaka-x-aries-magez-compatible-luminous-case-for-samsung-galaxy-s25-ultra-black,https://cdn.shopify.com/s/files/1/0830/0897/9164/files/lg_pgrEl8J4WRxyhlE7PuKzEjsDJqnDA1soorhGT2c7.jpg?v=1781549558,telex_output/images/218_Pitaka_X_Aries_MagEZ_Compatible_Luminous_Case_for_Samsung_Galaxy_S25_Ultra_-_Bla.jpg
Pitaka Ultra Slim Case with MagSafe Grip3 for iPhone 16 Pro – Black/Grey,Pitaka,"Rs.17,999.00","Rs.21,000.00",-14%,In Stock,https://telex.pk/products/pitaka-ultra-slim-case-with-magsafe-grip3-for-iphone-16-pro-black-grey,https://cdn.shopify.com/s/files/1/0830/0897/9164/files/lg_zlgwOZvFkGx1Q4qjrhFNR2aXotcR8fC8SaQXHaBh.jpg?v=1781549161,telex_output/images/219_Pitaka_Ultra_Slim_Case_with_MagSafe_Grip3_for_iPhone_16_Pro___Black_Grey.jpg
Pitaka Sunset Moonrise Tactile Woven Case for iPhone 16 Pro Max - Moonrise,Pitaka,"Rs.13,999.00","Rs.18,500.00",-24%,In Stock,https://telex.pk/products/pitaka-sunset-moonrise-tactile-woven-case-for-iphone-16-pro-max-moonrise,https://cdn.shopify.com/s/files/1/0830/0897/9164/files/lg_gjU6EFU4W2jg93fb7mBp5gle4GVo8VebTY8nOvuh.jpg?v=1781548730,telex_output/images/220_Pitaka_Sunset_Moonrise_Tactile_Woven_Case_for_iPhone_16_Pro_Max_-_Moonrise.jpg
Pitaka Sunset Moonrise Tactile Woven Case with MagSafe Grip3 for iPhone 16 Pro Max - (Sunset),Pitaka,"Rs.20,999.00","Rs.25,000.00",-16%,In Stock,https://telex.pk/products/pitaka-sunset-moonrise-tactile-woven-case-with-magsafe-grip3-for-iphone-16-pro-max-sunset,https://cdn.shopify.com/s/files/1/0830/0897/9164/files/lg_vZHmak1ZhHZP4fq8xXYkUZ82WxtYbvjfPiSQ0tAk.jpg?v=1781548467,telex_output/images/221_Pitaka_Sunset_Moonrise_Tactile_Woven_Case_with_MagSafe_Grip3_for_iPhone_16_Pro_M.jpg
Pitaka StarPeak Tactile Woven case for iPhone 16 Pro Max – Over the horizon,Pitaka,"Rs.15,999.00","Rs.20,000.00",-20%,In Stock,https://telex.pk/products/pitaka-starpeak-tactile-woven-case-for-iphone-16-pro-max-over-the-horizon,https://cdn.shopify.com/s/files/1/0830/0897/9164/files/dablew-image-8887.jpg?v=1781548154,telex_output/images/222_Pitaka_StarPeak_Tactile_Woven_case_for_iPhone_16_Pro_Max___Over_the_horizon.jpg
Pitaka Sunset Moonrise Tactile Woven Case for iPhone 16 - Moonrise,Pitaka,"Rs.16,499.00","Rs.20,000.00",-18%,In Stock,https://telex.pk/products/pitaka-sunset-moonrise-tactile-woven-case-for-iphone-16-moonrise,https://cdn.shopify.com/s/files/1/0830/0897/9164/files/lg_P96U1HRCvxl3NycTl9r1Dz691mze2TtdMFfh9OfG.jpg?v=1781547603,telex_output/images/223_Pitaka_Sunset_Moonrise_Tactile_Woven_Case_for_iPhone_16_-_Moonrise.jpg
Pitaka Samsung Galaxy S25 Plus MagEZ Compatible Case – Black/Grey,Pitaka,"Rs.14,999.00","Rs.18,000.00",-17%,In Stock,https://telex.pk/products/pitaka-samsung-galaxy-s25-plus-magez-compatible-case-black-grey,https://cdn.shopify.com/s/files/1/0830/0897/9164/files/lg_G5zLyT38uFC5VxQi5HNnGK9qHw52kkEPsRzxjXar.jpg?v=1781547272,telex_output/images/224_Pitaka_Samsung_Galaxy_S25_Plus_MagEZ_Compatible_Case___Black_Grey.jpg
Pitaka StarPeak Tactile Woven case for iPhone 16 Pro - Milky way galaxy,Pitaka,"Rs.11,999.00","Rs.15,000.00",-20%,In Stock,https://telex.pk/products/pitaka-starpeak-tactile-woven-case-for-iphone-16-pro-milky-way-galaxy,https://cdn.shopify.com/s/files/1/0830/0897/9164/files/lg_0SIngQDrSfazgMjgrjPZUdp3ogCKxK41F4mupVJ4.jpg?v=1781546363,telex_output/images/225_Pitaka_StarPeak_Tactile_Woven_case_for_iPhone_16_Pro_-_Milky_way_galaxy.jpg
Pitaka Ultra-Slim Case for iPhone 16 Pro Max – Forest Green,Pitaka,"Rs.13,999.00","Rs.18,500.00",-24%,In Stock,https://telex.pk/products/pitaka-ultra-slim-case-for-iphone-16-pro-max-forest-green,https://cdn.shopify.com/s/files/1/0830/0897/9164/files/lg_VcxRvItC4HVSNWQT7UuuBZG0XLIPpO94SAkAdg0d.jpg?v=1781546027,telex_output/images/226_Pitaka_Ultra-Slim_Case_for_iPhone_16_Pro_Max___Forest_Green.jpg
Pitaka StarPeak Tactile Woven case for iPhone 16 Pro Max – Milky Way Galaxy,Pitaka,"Rs.16,999.00","Rs.20,000.00",-15%,In Stock,https://telex.pk/products/pitaka-starpeak-tactile-woven-case-for-iphone-16-pro-max-milky-way-galaxy,https://cdn.shopify.com/s/files/1/0830/0897/9164/files/lg_9kGmwHX1gsRJDuO8M1YCEFThfPnAewpabOjqIaW3.jpg?v=1781545841,telex_output/images/227_Pitaka_StarPeak_Tactile_Woven_case_for_iPhone_16_Pro_Max___Milky_Way_Galaxy.jpg
Pitaka StarPeak Ultra-Slim Protective Case for iPhone 17 Pro - Over The Horizon,Pitaka,"Rs.21,999.00","Rs.26,500.00",-17%,In Stock,https://telex.pk/products/pitaka-starpeak-ultra-slim-protective-case-for-iphone-17-pro-over-the-horizon,https://cdn.shopify.com/s/files/1/0830/0897/9164/files/lg_PBIqETts8F1zSv54LF3cuVdYQzmErl9ycqse06g8.jpg?v=1781545397,telex_output/images/228_Pitaka_StarPeak_Ultra-Slim_Protective_Case_for_iPhone_17_Pro_-_Over_The_Horizon.jpg
Pitaka Ultra-Slim Protective Case for Samsung Galaxy Flip 7- Sunset-Moonrise,Pitaka,"Rs.16,999.00","Rs.16,999.00",,In Stock,https://telex.pk/products/pitaka-ultra-slim-protective-case-for-samsung-galaxy-flip-7-sunset-moonrise,https://cdn.shopify.com/s/files/1/0830/0897/9164/files/lg_EnyAV78zyDksq5YTVhFFWwefnyqpzBgpZmJE0PQI.jpg?v=1781544647,telex_output/images/229_Pitaka_Ultra-Slim_Protective_Case_for_Samsung_Galaxy_Flip_7-_Sunset-Moonrise.jpg
Pitaka Ultra-Slim Case for iPhone 16 – Black/Grey,Pitaka,"Rs.14,999.00","Rs.20,000.00",-25%,In Stock,https://telex.pk/products/pitaka-ultra-slim-case-for-iphone-16-black-grey,https://cdn.shopify.com/s/files/1/0830/0897/9164/files/lg_SmpB6qqiCQ4a254Clre8r1xwsuucgfuSs1zO29SY.jpg?v=1781544099,telex_output/images/230_Pitaka_Ultra-Slim_Case_for_iPhone_16___Black_Grey.jpg
Pitaka StarPeak Tactile Woven case for iPhone 16 – Over the Horizon,Pitaka,"Rs.16,999.00","Rs.20,000.00",-15%,In Stock,https://telex.pk/products/pitaka-starpeak-tactile-woven-case-for-iphone-16-over-the-horizon,https://cdn.shopify.com/s/files/1/0830/0897/9164/files/lg_3MKFnHGhuGPaVhiFCCjt4C12ex3iKH6yfY5tIJor_1.jpg?v=1781543962,telex_output/images/231_Pitaka_StarPeak_Tactile_Woven_case_for_iPhone_16___Over_the_Horizon.jpg
Pitaka Ultra-Slim Protective Case for Google Pixel 10 / 10 Pro - Black,Pitaka,"Rs.16,999.00","Rs.20,000.00",-15%,In Stock,https://telex.pk/products/pitaka-ultra-slim-protective-case-for-google-pixel-10-10-pro-black,https://cdn.shopify.com/s/files/1/0830/0897/9164/files/85e729a95ec2c968157fbc4a585e1c62.jpg?v=1781543622,telex_output/images/232_Pitaka_Ultra-Slim_Protective_Case_for_Google_Pixel_10___10_Pro_-_Black.jpg
Pitaka Sunset Moonrise Tactile Woven Case for iPhone 16 Plus - Sunset,Pitaka,"Rs.16,399.00","Rs.20,000.00",-18%,In Stock,https://telex.pk/products/pitaka-sunset-moonrise-tactile-woven-case-for-iphone-16-plus-sunset,https://cdn.shopify.com/s/files/1/0830/0897/9164/files/lg_mY5VpC8Sbbd1Sg4W42XFxF1RecttYLih1qHcIXt2.jpg?v=1781543047,telex_output/images/233_Pitaka_Sunset_Moonrise_Tactile_Woven_Case_for_iPhone_16_Plus_-_Sunset.jpg
Pitaka Samsung Galaxy S25 MagEZ Compatible Case – Black/Grey,Pitaka,"Rs.14,999.00",,,In Stock,https://telex.pk/products/pitaka-samsung-galaxy-s25-magez-compatible-case-black-grey,https://cdn.shopify.com/s/files/1/0830/0897/9164/files/lg_lCXNSoRRIwwrn7GCNFxNA0m6OAIZZnZxsGSbRQf4.jpg?v=1781542777,telex_output/images/234_Pitaka_Samsung_Galaxy_S25_MagEZ_Compatible_Case___Black_Grey.jpg
Pitaka Ultra-Slim Protective Case for iPhone 17 Pro Max - Sunset / Moonrise,Pitaka,"Rs.21,999.00","Rs.27,000.00",-19%,In Stock,https://telex.pk/products/pitaka-ultra-slim-protective-case-for-iphone-17-pro-max-sunset-moonrise,https://cdn.shopify.com/s/files/1/0830/0897/9164/files/lg_Oux35YrFgsb43WK61MCAafyYJl9SjTSzIUtu7wNg.jpg?v=1781541915,telex_output/images/235_Pitaka_Ultra-Slim_Protective_Case_for_iPhone_17_Pro_Max_-_Sunset___Moonrise.jpg
Pitaka Ultra-Slim Case for iPhone 16 Pro Max – Ocean Blue,Pitaka,"Rs.12,999.00","Rs.16,500.00",-21%,In Stock,https://telex.pk/products/pitaka-ultra-slim-case-for-iphone-16-pro-max-ocean-blue,https://cdn.shopify.com/s/files/1/0830/0897/9164/files/lg_Jy6V1g6ZFu5SUIVNXuU2sn13AAERuUkV2q3JMU9g.jpg?v=1781541419,telex_output/images/236_Pitaka_Ultra-Slim_Case_for_iPhone_16_Pro_Max___Ocean_Blue.jpg
Pitaka StarPeak Tactile Woven case for iPhone 17 Pro – Milky Way Galaxy,Pitaka,"Rs.21,999.00","Rs.27,000.00",-19%,In Stock,https://telex.pk/products/pitaka-starpeak-tactile-woven-case-for-iphone-17-pro-milky-way-galaxy,https://cdn.shopify.com/s/files/1/0830/0897/9164/files/lg_ZqIbJvM7HJ0e4hQ8hJaMUMdwogLW63Niq8CvlITG.jpg?v=1781541088,telex_output/images/237_Pitaka_StarPeak_Tactile_Woven_case_for_iPhone_17_Pro___Milky_Way_Galaxy.jpg
Pitaka Ultra-Slim Protective Case for iPhone 17 - Black (PitaTap),Pitaka,"Rs.18,999.00","Rs.22,000.00",-14%,In Stock,https://telex.pk/products/pitaka-ultra-slim-protective-case-for-iphone-17-black-pitatap,https://cdn.shopify.com/s/files/1/0830/0897/9164/files/lg_WV4idbC11ltoxPioiwwXuHxl3p4gh6jZf97bASk0.jpg?v=1781539323,telex_output/images/238_Pitaka_Ultra-Slim_Protective_Case_for_iPhone_17_-_Black__PitaTap_.jpg
Oraimo OPN-672 OpenCirclet 2 Open Ear Bluetooth Earphone,Oraimo,"Rs.5,799.00","Rs.8,500.00",-32%,In Stock,https://telex.pk/products/oraimo-opn-672-opencirclet-2-open-ear-bluetooth-earphone,https://cdn.shopify.com/s/files/1/0830/0897/9164/files/lg_3tQNvY61p53u6foZVprZh9h58zxPCH5yfFebuBeM.jpg?v=1781536815,telex_output/images/239_Oraimo_OPN-672_OpenCirclet_2_Open_Ear_Bluetooth_Earphone.jpg
Oraimo OCW-5202ECC / LC PowerCube 202 20W Fast Charger With Cable,Oraimo,"Rs.1,099.00","Rs.2,000.00",-45%,In Stock,https://telex.pk/products/oraimo-ocw-5202ecc-lc-powercube-202-20w-fast-charger-with-cable,https://cdn.shopify.com/s/files/1/0830/0897/9164/files/ddfsd85422fdffdsfafdfsfaaa.jpg?v=1781525643,telex_output/images/240_Oraimo_OCW-5202ECC___LC_PowerCube_202_20W_Fast_Charger_With_Cable.jpg
Oraimo OCW-5184E+M53/ C53 / L53 18W Fast Charger Kit Fast Charging Cable,Oraimo,Rs.999.00,"Rs.2,000.00",-50%,In Stock,https://telex.pk/products/oraimo-ocw-5184e-m53-c53-l53-18w-fast-charger-kit-fast-charging-cable,https://cdn.shopify.com/s/files/1/0830/0897/9164/files/lg_3TCSIkZvgyS7B2RJ33qtDXWG4WtATyG7euzkD9OG.jpg?v=1781524682,telex_output/images/241_Oraimo_OCW-5184E_M53__C53___L53_18W_Fast_Charger_Kit_Fast_Charging_Cable.jpg
Oraimo OCD-114MJ/CJ/LJ RobustLine 2.4A  Fast Charging Cable,Oraimo,Rs.309.00,Rs.750.00,-59%,In Stock,https://telex.pk/products/oraimo-ocd-114mj-cj-lj-robustline-2-4a-fast-charging-cable,https://cdn.shopify.com/s/files/1/0830/0897/9164/files/lg_npZ5eNZ4Ek9XlqJ9rMtYNHOBjw7lsaNifkVP9m0o_1_8dd28fdd-c774-4156-907c-474f64d02286.jpg?v=1781522901,telex_output/images/242_Oraimo_OCD-114MJ_CJ_LJ_RobustLine_2.4A__Fast_Charging_Cable.jpg
Oraimo OCW-E106S+CC54 PowerCube 20W Fast Charger With Type-C To Type-C Cable,Oraimo,"Rs.1,199.00","Rs.2,000.00",-40%,In Stock,https://telex.pk/products/oraimo-ocw-e106s-cc54-powercube-20w-fast-charger-with-type-c-to-type-c-cable,https://cdn.shopify.com/s/files/1/0830/0897/9164/files/lg_2Br66QEJtQhws7B5ke8Utp576VHz2fNSCVd8SMYd.jpg?v=1781518710,telex_output/images/243_Oraimo_OCW-E106S_CC54_PowerCube_20W_Fast_Charger_With_Type-C_To_Type-C_Cable.jpg
Oraimo OEP-320s Conch 2 Neo Superior Deep Bass 3.5MM Earphone,Oraimo,Rs.389.00,Rs.750.00,-48%,In Stock,https://telex.pk/products/oraimo-oep-320s-conch-2-neo-superior-deep-bass-3-5mm-earphone,https://cdn.shopify.com/s/files/1/0830/0897/9164/files/lg_QBgRpYC4FAbUzW85She3d6fWVQ2g7GqBqK7octZE.jpg?v=1781517039,telex_output/images/244_Oraimo_OEP-320s_Conch_2_Neo_Superior_Deep_Bass_3.5MM_Earphone.jpg
Oraimo OEP-320 Halo Lite Deeper Base 3.5MM Half In-Ear Earphone,Oraimo,Rs.389.00,Rs.700.00,-44%,In Stock,https://telex.pk/products/oraimo-oep-320-halo-lite-deeper-base-3-5mm-half-in-ear-earphone,https://cdn.shopify.com/s/files/1/0830/0897/9164/files/lg_CuXkhR0iM83TnJtWNOR2JtkpXE34csYLOL7GMl8M.jpg?v=1781516572,telex_output/images/245_Oraimo_OEP-320_Halo_Lite_Deeper_Base_3.5MM_Half_In-Ear_Earphone.jpg
Oraimo OCW-1061E+M53 PowerCube 61 Charger With Micro Data Cable,Oraimo,Rs.749.00,"Rs.1,050.00",-29%,In Stock,https://telex.pk/products/oraimo-ocw-1061e-m53-powercube-61-charger-with-micro-data-cable,https://cdn.shopify.com/s/files/1/0830/0897/9164/files/lg_kgXiUbEXsL1c51Xc1MzGY82LDObYmyzQrPRB2aXH.jpg?v=1781516304,telex_output/images/246_Oraimo_OCW-1061E_M53_PowerCube_61_Charger_With_Micro_Data_Cable.jpg
Oraimo OCD-X93 DuraLine 3-in-1 2.4A Fast Charging Cable (USB-A to Type-C / Lightning / Micro-USB),Oraimo,Rs.699.00,"Rs.1,200.00",-42%,In Stock,https://telex.pk/products/oraimo-ocd-x93-duraline-3-in-1-2-4a-fast-charging-cable-usb-a-to-type-c-lightning-micro-usb,https://cdn.shopify.com/s/files/1/0830/0897/9164/files/lg_wlvBmtXSGsbcZZPH6R9GQ0yW6321cNYVPqlzUqgu_a0835831-d8d5-4c90-bf24-248133a7deb2.jpg?v=1781516101,telex_output/images/247_Oraimo_OCD-X93_DuraLine_3-in-1_2.4A_Fast_Charging_Cable__USB-A_to_Type-C___Light.jpg
Oraimo OCD-118MCL DuraLine 3-in-1 2.4A Fast Charging Cable (USB-A to Type-C / Lightning / Micro-USB),Oraimo,Rs.649.00,"Rs.1,000.00",-35%,In Stock,https://telex.pk/products/oraimo-ocd-118mcl-duraline-3-in-1-2-4a-fast-charging-cable-usb-a-to-type-c-lightning-micro-usb,https://cdn.shopify.com/s/files/1/0830/0897/9164/files/lg_wlvBmtXSGsbcZZPH6R9GQ0yW6321cNYVPqlzUqgu.jpg?v=1781515791,telex_output/images/248_Oraimo_OCD-118MCL_DuraLine_3-in-1_2.4A_Fast_Charging_Cable__USB-A_to_Type-C___Li.jpg
Oraimo OCD-115M/C/L SilkLine 2A Fast Charging Cable 1M,Oraimo,Rs.469.00,"Rs.1,200.00",-61%,In Stock,https://telex.pk/products/oraimo-ocd-115m-c-l-silkline-2a-fast-charging-cable-1m,https://cdn.shopify.com/s/files/1/0830/0897/9164/files/lg_IE4d2UI1uBp4zIjAlpaJiY2SHr4NnwSQXhe4DZ4p.jpg?v=1781515240,telex_output/images/249_Oraimo_OCD-115M_C_L_SilkLine_2A_Fast_Charging_Cable_1M.jpg
Oraimo OCD-M32/C32/L32 DuraLine 60W Fast Charging Cable 1M,Oraimo,Rs.379.00,"Rs.1,000.00",-62%,In Stock,https://telex.pk/products/oraimo-ocd-m32-c32-l32-duraline-60w-fast-charging-cable-1m,https://cdn.shopify.com/s/files/1/0830/0897/9164/files/lg_nzXWhlJWCb6IEVIXM9aSoItTkCrlQfgjHRHKjKoT.jpg?v=1781514316,telex_output/images/250_Oraimo_OCD-M32_C32_L32_DuraLine_60W_Fast_Charging_Cable_1M.jpg
Oraimo OEP-E40 Trumpet 3 HIFI Audio In Ear Earphone,Oraimo,Rs.619.00,"Rs.1,000.00",-38%,In Stock,https://telex.pk/products/oraimo-oep-e40-trumpet-3-hifi-audio-in-ear-earphone,https://cdn.shopify.com/s/files/1/0830/0897/9164/files/lg_MSQjXNTSaU3F15ve2gdNn9AlFZAwGKWVlD200xkj_1.jpg?v=1781509738,telex_output/images/251_Oraimo_OEP-E40_Trumpet_3_HIFI_Audio_In_Ear_Earphone.jpg
Oraimo OEP-E21P Halo 2S Half In-Ear Wired Headphones,Oraimo,Rs.519.00,"Rs.1,200.00",-57%,In Stock,https://telex.pk/products/oraimo-oep-e21p-halo-2s-half-in-ear-wired-headphones,https://cdn.shopify.com/s/files/1/0830/0897/9164/files/lg_oxoU1QTEz4CgBndsl83enVvOU8fOKHhyVHztRcGN.jpg?v=1781509383,telex_output/images/252_Oraimo_OEP-E21P_Halo_2S_Half_In-Ear_Wired_Headphones.jpg
Oraimo OCW-7652E + 116CC HyperGaN 65 65W Triple Port GaN Charger Kit with 100W Type-C to Type-C Cable,Oraimo,"Rs.3,599.00","Rs.6,500.00",-45%,In Stock,https://telex.pk/products/oraimo-ocw-7652e-116cc-hypergan-65-65w-triple-port-gan-charger-kit-with-100w-type-c-to-type-c-cable,https://cdn.shopify.com/s/files/1/0830/0897/9164/files/lg_hwrBLHkqsVTFnPSEXh7TSfBLdL6N4z3z9qjTQ5MR.jpg?v=1781508262,telex_output/images/253_Oraimo_OCW-7652E___116CC_HyperGaN_65_65W_Triple_Port_GaN_Charger_Kit_with_100W_T.jpg
Oraimo OCW-7331E+C54 PowerGaN 33 Pro 33W GaN Dual Port Fast Charger With Type-C Data Cable,Oraimo,"Rs.1,799.00","Rs.3,000.00",-40%,In Stock,https://telex.pk/products/oraimo-ocw-7331e-c54-powergan-33-pro-33w-gan-dual-port-fast-charger-with-type-c-data-cable,https://cdn.shopify.com/s/files/1/0830/0897/9164/files/lg_UTC2RXSwaaFuyJ1MncCVG5QqAQYwxPUPWszq7EdQ.jpg?v=1781508008,telex_output/images/254_Oraimo_OCW-7331E_C54_PowerGaN_33_Pro_33W_GaN_Dual_Port_Fast_Charger_With_Type-C_.jpg
Oraimo OCC-73D Bullet 48 Dual Port 48W Fast Car Charger,Oraimo,"Rs.1,499.00","Rs.2,500.00",-40%,In Stock,https://telex.pk/products/oraimo-occ-73d-bullet-48-dual-port-48w-fast-car-charger,https://cdn.shopify.com/s/files/1/0830/0897/9164/files/lg_uLPcPq9O0WTr3uBvV5zX0FSTZGlYGczmITjvVMAx.jpg?v=1781507679,telex_output/images/255_Oraimo_OCC-73D_Bullet_48_Dual_Port_48W_Fast_Car_Charger.jpg
Oraimo OCC-1152D + X93 Highway 15 Dual Port 15.5W Ultra Fast Car Charger With 3-in-1 Multi Charging Cable,Oraimo,"Rs.1,099.00","Rs.1,850.00",-41%,In Stock,https://telex.pk/products/oraimo-occ-1152d-x93-highway-15-dual-port-15-5w-ultra-fast-car-charger-with-3-in-1-multi-charging-cable,https://cdn.shopify.com/s/files/1/0830/0897/9164/files/lg_2Vk25bq5V8zAmw5VtmZ6Dlx51UyChziOArFlMzXQ.jpg?v=1781507557,telex_output/images/256_Oraimo_OCC-1152D___X93_Highway_15_Dual_Port_15.5W_Ultra_Fast_Car_Charger_With_3-.jpg
Joyroom SY-104 Lightning to 3.5mm + Lightning 2-in-1 Audio Converter Adapter,Joyroom,Rs.999.00,"Rs.1,300.00",-23%,In Stock,https://telex.pk/products/joyroom-sy-104-lightning-to-3-5mm-lightning-2-in-1-audio-converter-adapter,https://cdn.shopify.com/s/files/1/0830/0897/9164/files/lg_y7UZx7BcKoDLFHbmfiXkb26yU4lunAMqtZd6dDGR.jpg?v=1781503336,telex_output/images/257_Joyroom_SY-104_Lightning_to_3.5mm___Lightning_2-in-1_Audio_Converter_Adapter.jpg
Joyroom S-H152 USB to Type-C Female OTG Adapter,Joyroom,Rs.759.00,"Rs.1,200.00",-37%,In Stock,https://telex.pk/products/joyroom-s-h152-usb-to-type-c-female-otg-adapter,https://cdn.shopify.com/s/files/1/0830/0897/9164/files/lg_JMnB0dhBBIv4oTGBVUSdelZwXk6joZgHgnlCHbXL.jpg?v=1781502966,telex_output/images/258_Joyroom_S-H152_USB_to_Type-C_Female_OTG_Adapter.jpg
Joyroom S-Y105 2-in-1 Audio Adapter (Lightning to 3.5mm + Lightning),Joyroom,"Rs.3,459.00","Rs.4,000.00",-14%,In Stock,https://telex.pk/products/joyroom-s-y105-2-in-1-audio-adapter-lightning-to-3-5mm-lightning,https://cdn.shopify.com/s/files/1/0830/0897/9164/files/lg_utnq8AVFN6hLC5PxlGZK5DAQWIw5nek10EcqHRU1.jpg?v=1781502577,telex_output/images/259_Joyroom_S-Y105_2-in-1_Audio_Adapter__Lightning_to_3.5mm___Lightning_.jpg
Joyroom JR-QP192 20000mAh Power Bank with Large Digital Display,Joyroom,"Rs.6,299.00","Rs.8,500.00",-26%,In Stock,https://telex.pk/products/joyroom-jr-qp192-20000mah-power-bank-with-large-digital-display,https://cdn.shopify.com/s/files/1/0830/0897/9164/files/ddfsdfasdf542s1fdsafdfaa_1.jpg?v=1781502257,telex_output/images/260_Joyroom_JR-QP192_20000mAh_Power_Bank_with_Large_Digital_Display.jpg
Joyroom JR-QP191 10000mAh 22.5W Portable Power Bank,Joyroom,"Rs.5,379.00","Rs.7,000.00",-23%,In Stock,https://telex.pk/products/joyroom-jr-qp191-10000mah-22-5w-portable-power-bank,https://cdn.shopify.com/s/files/1/0830/0897/9164/files/ddfsdfasdf542s1fdsafdfaa.jpg?v=1781501174,telex_output/images/261_Joyroom_JR-QP191_10000mAh_22.5W_Portable_Power_Bank.jpg
Joyroom S-UC027A12 USB-A to USB-C 3A Fast Charging Cable (1.2M),Joyroom,Rs.999.00,"Rs.1,500.00",-33%,In Stock,https://telex.pk/products/joyroom-s-uc027a12-usb-a-to-usb-c-3a-fast-charging-cable-1-2m-1,https://cdn.shopify.com/s/files/1/0830/0897/9164/files/dfsddafasdsdf_1_e7a3f583-ec1b-424c-bcde-22b706313186.jpg?v=1783187512,telex_output/images/262_Joyroom_S-UC027A12_USB-A_to_USB-C_3A_Fast_Charging_Cable__1.2M_.jpg
Joyroom S-CC100A12 100W USB-C to USB-C Fast Charging Cable (1.2M),Joyroom,"Rs.1,399.00","Rs.1,900.00",-26%,In Stock,https://telex.pk/products/joyroom-s-cc100a12-100w-usb-c-to-usb-c-fast-charging-cable-1-2m,https://cdn.shopify.com/s/files/1/0830/0897/9164/files/lg_lGQHJrVKQWRMxqzrJuj1RFKbOgQT9yb6DuNDQz3e.jpg?v=1781466868,telex_output/images/263_Joyroom_S-CC100A12_100W_USB-C_to_USB-C_Fast_Charging_Cable__1.2M_.jpg
Joyroom S-A14 60W USB-C to USB-C Fast Charging Cable (1.2M),Joyroom,"Rs.1,270.00","Rs.2,000.00",-36%,In Stock,https://telex.pk/products/joyroom-s-a14-60w-usb-c-to-usb-c-fast-charging-cable-1-2m,https://cdn.shopify.com/s/files/1/0830/0897/9164/files/ddfsdfasdf542s1dfaa_1.jpg?v=1781466485,telex_output/images/264_Joyroom_S-A14_60W_USB-C_to_USB-C_Fast_Charging_Cable__1.2M_.jpg
"Joyroom JR-BP005 Magnetic Braided TPU Case for iPhone 15 Pro Max 6.7""",Joyroom,"Rs.2,549.00","Rs.3,500.00",-27%,In Stock,https://telex.pk/products/joyroom-jr-bp005-magnetic-braided-tpu-case-for-iphone-15-pro-max-6-7,https://cdn.shopify.com/s/files/1/0830/0897/9164/files/lg_vQlza6kEM6FXJADGn8dl0hA65B7iP10Igg9oeGnM.jpg?v=1781465975,telex_output/images/265_Joyroom_JR-BP005_Magnetic_Braided_TPU_Case_for_iPhone_15_Pro_Max_6.7_.jpg
Joyroom JR-15X4 TPU Phone Case for iPhone 15 Pro,Joyroom,"Rs.1,629.00","Rs.2,200.00",-26%,In Stock,https://telex.pk/products/joyroom-jr-15x4-tpu-phone-case-for-iphone-15-pro,https://cdn.shopify.com/s/files/1/0830/0897/9164/files/lg_9F1arl476Aq29eWv5NA5q0FhGkhnv01FLzY0dzm9.jpg?v=1781465509,telex_output/images/266_Joyroom_JR-15X4_TPU_Phone_Case_for_iPhone_15_Pro.jpg
Joyroom JR-OK2 Suction Cup T-Bracket Phone Holder,Joyroom,"Rs.1,399.00","Rs.2,000.00",-30%,In Stock,https://telex.pk/products/joyroom-jr-ok2-suction-cup-t-bracket-phone-holder,https://cdn.shopify.com/s/files/1/0830/0897/9164/files/lg_CBnatFIbukHuvsSaMX5njY9YHTJIs9krK9fUbEuZ.jpg?v=1781463197,telex_output/images/267_Joyroom_JR-OK2_Suction_Cup_T-Bracket_Phone_Holder.jpg
Joyroom JR-CL21 150W 4-in-1 Fast Car Charger,Joyroom,"Rs.4,750.00","Rs.6,000.00",-21%,In Stock,https://telex.pk/products/joyroom-jr-cl21-150w-4-in-1-fast-car-charger,https://cdn.shopify.com/s/files/1/0830/0897/9164/files/lg_U5BBVDaOTpmk4H7b6EqsXeq9ulepRRoz6dkKQ1Oy.jpg?v=1781462566,telex_output/images/268_Joyroom_JR-CL21_150W_4-in-1_Fast_Car_Charger.jpg
Joyroom S-2030K6 Lightning 3A Fast Charging Cable (2M),Joyroom,"Rs.1,499.00","Rs.2,000.00",-25%,In Stock,https://telex.pk/products/joyroom-s-2030k6-lightning-3a-fast-charging-cable-2m,https://cdn.shopify.com/s/files/1/0830/0897/9164/files/lg_oFOUh3Foehu7cVjqtMPhCTuaQxHAc8R9Pzuenkp5.jpg?v=1781461599,telex_output/images/269_Joyroom_S-2030K6_Lightning_3A_Fast_Charging_Cable__2M_.jpg
Joyroom JR-TCF24 PD30W Fast Charger,Joyroom,"Rs.3,050.00","Rs.4,000.00",-24%,In Stock,https://telex.pk/products/joyroom-jr-tcf24-pd30w-fast-charger,https://cdn.shopify.com/s/files/1/0830/0897/9164/files/lg_VFMQPli3x3VDwf8zXC6snkIj99HDVOWz6jQSoLgE.jpg?v=1781456026,telex_output/images/270_Joyroom_JR-TCF24_PD30W_Fast_Charger.jpg
Joyroom JR-TCM02 65W Multi-Port Fast Charger,Joyroom,"Rs.10,350.00","Rs.150,000.00",-93%,In Stock,https://telex.pk/products/joyroom-jr-tcm02-65w-multi-port-fast-charger,https://cdn.shopify.com/s/files/1/0830/0897/9164/files/lg_ZH2NjfXOAOeP2sDxE1UvQbL7bJIsVfdlDvPpsCEW.jpg?v=1781455700,telex_output/images/271_Joyroom_JR-TCM02_65W_Multi-Port_Fast_Charger.jpg
Joyroom S-A43 Coiled Type C To Type C Fast Charging Data Cable 1.5m,Joyroom,"Rs.1,649.00","Rs.2,500.00",-34%,In Stock,https://telex.pk/products/joyroom-s-a43-coiled-type-c-to-type-c-fast-charging-data-cable-1-5m,https://cdn.shopify.com/s/files/1/0830/0897/9164/files/lg_gM8t7joGF3w4SqEeLkeHbZmrcxCr0LM4C9fjOKBy.jpg?v=1781451817,telex_output/images/272_Joyroom_S-A43_Coiled_Type_C_To_Type_C_Fast_Charging_Data_Cable_1.5m.jpg
Joyroom S-A51 60W Type C To Type C Fast Charging 1.2M Cable,Joyroom,"Rs.1,529.00","Rs.2,500.00",-39%,In Stock,https://telex.pk/products/joyroom-s-a51-60w-type-c-to-type-c-fast-charging-1-2m-cable,https://cdn.shopify.com/s/files/1/0830/0897/9164/files/lg_kA6dySJcUVDWIEnrmoeQFJr7ZI9nIZ3qjIclqI9r.jpg?v=1781451281,telex_output/images/273_Joyroom_S-A51_60W_Type_C_To_Type_C_Fast_Charging_1.2M_Cable.jpg
Joyroom JR-EW01 Half In-Ear Wired Earphones,Joyroom,"Rs.1,189.00","Rs.1,800.00",-34%,In Stock,https://telex.pk/products/joyroom-jr-ew01-half-in-ear-wired-earphones,https://cdn.shopify.com/s/files/1/0830/0897/9164/files/lg_tQxGErkCyeQHlp5gVg6RkfwefCPT8ZdY3yHcgwcG.jpg?v=1781449166,telex_output/images/274_Joyroom_JR-EW01_Half_In-Ear_Wired_Earphones.jpg
"Joyroom JR-DH08 Tempered Glass Screen Protector for iPhone 14 Pro Max 6.7"" (2.5D Full Screen, HD, 5PCS)",Joyroom,"Rs.2,599.00","Rs.3,500.00",-26%,In Stock,https://telex.pk/products/joyroom-jr-dh08-tempered-glass-screen-protector-for-iphone-14-pro-max-6-7-2-5d-full-screen-hd-5pcs,https://cdn.shopify.com/s/files/1/0830/0897/9164/files/lg_YS4SA0KJ7MnCLeIHXNhJfxtwlzrg1jVOUgCv4cuP.jpg?v=1781437906,telex_output/images/275_Joyroom_JR-DH08_Tempered_Glass_Screen_Protector_for_iPhone_14_Pro_Max_6.7___2.5D.jpg
Joyroom JR-PBF16 20000mAh 22.5W LED Fast Charging Power Bank,Joyroom,"Rs.6,649.00","Rs.9,000.00",-26%,In Stock,https://telex.pk/products/joyroom-jr-pbf16-20000mah-22-5w-led-fast-charging-power-bank,https://cdn.shopify.com/s/files/1/0830/0897/9164/files/lg_IcFq7Eu3NO2ecB0RN5MdUEukyXGKrC9X4didGDhE.jpg?v=1781437389,telex_output/images/276_Joyroom_JR-PBF16_20000mAh_22.5W_LED_Fast_Charging_Power_Bank.jpg
Joyroom S-A28 Braided USB-A to Lightning Fast Charging Cable (2M),Joyroom,"Rs.1,299.00","Rs.1,850.00",-30%,In Stock,https://telex.pk/products/joyroom-s-a28-braided-usb-a-to-lightning-fast-charging-cable-2m,https://cdn.shopify.com/s/files/1/0830/0897/9164/files/lg_NWVAoKpL7JPlrdhPRQVxcTUlglRXUCOJ2odMPMUf.jpg?v=1781437051,telex_output/images/277_Joyroom_S-A28_Braided_USB-A_to_Lightning_Fast_Charging_Cable__2M_.jpg
Joyroom S-A28 60W Braided USB-C to USB-C Fast Charging Cable (2M),Joyroom,"Rs.1,549.00","Rs.2,500.00",-38%,In Stock,https://telex.pk/products/joyroom-s-a28-60w-braided-usb-c-to-usb-c-fast-charging-cable-2m,https://cdn.shopify.com/s/files/1/0830/0897/9164/files/lg_fydCMErS42aqQlalhgZ3atArP1XLRbxmmKZO44t7.jpg?v=1781436745,telex_output/images/278_Joyroom_S-A28_60W_Braided_USB-C_to_USB-C_Fast_Charging_Cable__2M_.jpg
Joyroom S-A55 3A USB-A to Lightning Auto Power-Off Fast Charging Data Cable - 1.2m,Joyroom,"Rs.1,649.00","Rs.2,500.00",-34%,In Stock,https://telex.pk/products/joyroom-s-a55-3a-usb-a-to-lightning-auto-power-off-fast-charging-data-cable-1-2m,https://cdn.shopify.com/s/files/1/0830/0897/9164/files/lg_5Uu6mH4miphlYcz2E3JACArd6B35QkGd6DCot2u8.jpg?v=1781435867,telex_output/images/279_Joyroom_S-A55_3A_USB-A_to_Lightning_Auto_Power-Off_Fast_Charging_Data_Cable_-_1..jpg
Joyroom JR-W17 3-in-1 Qi2 Magnetic Wireless Charger,Joyroom,"Rs.8,499.00","Rs.11,000.00",-23%,In Stock,https://telex.pk/products/joyroom-jr-w17-3-in-1-qi2-magnetic-wireless-charger,https://cdn.shopify.com/s/files/1/0830/0897/9164/files/lg_9qx21fevn1djNkAoFZzbMaOov0NQt4QIeolbzxVp.jpg?v=1781434312,telex_output/images/280_Joyroom_JR-W17_3-in-1_Qi2_Magnetic_Wireless_Charger.jpg
Joyroom S-UL012A12 USB-A Lightning cable 2.4A 20W 1.2m,Joyroom,Rs.959.00,"Rs.1,300.00",-26%,In Stock,https://telex.pk/products/joyroom-s-ul012a12-usb-a-lightning-cable-2-4a-20w-1-2m,https://cdn.shopify.com/s/files/1/0830/0897/9164/files/lg_urFvt2pOw1nuakSSB7qLXb6kIgzR4FYXCn62JCZo.jpg?v=1781427924,telex_output/images/281_Joyroom_S-UL012A12_USB-A_Lightning_cable_2.4A_20W_1.2m.jpg
Joyroom JR-W15 3-in-1 Wireless Charging Station,Joyroom,"Rs.7,379.00","Rs.8,500.00",-13%,In Stock,https://telex.pk/products/joyroom-jr-w15-3-in-1-wireless-charging-station,https://cdn.shopify.com/s/files/1/0830/0897/9164/files/lg_E3Ivnwhghg6b7xj6CQuHuAWtYM0FSfwUl47Jrtzx.jpg?v=1781427332,telex_output/images/282_Joyroom_JR-W15_3-in-1_Wireless_Charging_Station.jpg
Joyroom JR-TG6 Triple Ports PD30W GaN Charger,Joyroom,"Rs.4,920.00","Rs.6,000.00",-18%,In Stock,https://telex.pk/products/joyroom-jr-tg6-triple-ports-pd30w-gan-charger,https://cdn.shopify.com/s/files/1/0830/0897/9164/files/lg_iLjbHlBm32hujB7QMds7oJFc4cO9Ozk9oZvpZMyQ.jpg?v=1781426363,telex_output/images/283_Joyroom_JR-TG6_Triple_Ports_PD30W_GaN_Charger.jpg
Joyroom JR-TG10 Triple Port 65W GaN Charger (EU) + A14 USB-C to USB-C 100W Cable (1.2M),Joyroom,"Rs.6,029.00","Rs.6,800.00",-11%,In Stock,https://telex.pk/products/joyroom-jr-tg10-triple-port-65w-gan-charger-eu-a14-usb-c-to-usb-c-100w-cable-1-2m,https://cdn.shopify.com/s/files/1/0830/0897/9164/files/lg_JBck1YhGBoopOg94Ks990OHjpyOoOwIzKSHUBHAU.jpg?v=1781425940,telex_output/images/284_Joyroom_JR-TG10_Triple_Port_65W_GaN_Charger__EU____A14_USB-C_to_USB-C_100W_Cable.jpg
Joyroom JR-PR1 10000mAh 22.5W Built-in Cable Power Bank,Joyroom,"Rs.8,450.00","Rs.10,000.00",-16%,In Stock,https://telex.pk/products/joyroom-jr-pr1-10000mah-22-5w-built-in-cable-power-bank,https://cdn.shopify.com/s/files/1/0830/0897/9164/files/lg_FZuAKGBQ8LdP9A5tiB17ZcQpKUu9IVmyWW8TYOvY.jpg?v=1781425451,telex_output/images/285_Joyroom_JR-PR1_10000mAh_22.5W_Built-in_Cable_Power_Bank.jpg
Joyroom JR-PR2L 35W Mini Power Bank 10000mAh With Built-in Type-C Cable,Joyroom,"Rs.11,425.00","Rs.15,000.00",-24%,In Stock,https://telex.pk/products/joyroom-jr-pr2l-35w-mini-power-bank-10000mah-with-built-in-type-c-cable,https://cdn.shopify.com/s/files/1/0830/0897/9164/files/lg_6KDmgXaXNqiWlQRW34woihTf854aj75hPJU3n4v5.jpg?v=1781425004,telex_output/images/286_Joyroom_JR-PR2L_35W_Mini_Power_Bank_10000mAh_With_Built-in_Type-C_Cable.jpg
Aukey PA-B7S Omnia II Mis S 4 Port 100W PD Super Fast Charger,Aukey,"Rs.14,249.00","Rs.20,000.00",-29%,In Stock,https://telex.pk/products/aukey-pa-b7s-omnia-ii-mis-s-4-port-100w-pd-super-fast-charger,https://cdn.shopify.com/s/files/1/0830/0897/9164/files/lg_bcVH5F2K5vn09rvPVCIhXvEzYY3JpDElmOWWIXhn.jpg?v=1781424473,telex_output/images/287_Aukey_PA-B7S_Omnia_II_Mis_S_4_Port_100W_PD_Super_Fast_Charger.jpg
Aukey PC-GJ10C Clear Protective Case for iPhone 15 Pro (MagSafe Compatible),Aukey,"Rs.2,699.00","Rs.3,500.00",-23%,In Stock,https://telex.pk/products/aukey-pc-gj10c-clear-protective-case-for-iphone-15-pro-magsafe-compatible,https://cdn.shopify.com/s/files/1/0830/0897/9164/files/lg_KYET6K2HaHNtFhx84iD2EMuHdpSoAZanaXbkGrov.jpg?v=1781422731,telex_output/images/288_Aukey_PC-GJ10C_Clear_Protective_Case_for_iPhone_15_Pro__MagSafe_Compatible_.jpg
Aukey CB-SCC242 Circlet Blink USB-C to USB-C 240W Braided Fast Charging Cable,Aukey,"Rs.2,649.00","Rs.3,500.00",-24%,In Stock,https://telex.pk/products/aukey-cb-scc242-circlet-blink-usb-c-to-usb-c-240w-braided-fast-charging-cable,https://cdn.shopify.com/s/files/1/0830/0897/9164/files/lg_hOTO3ZTyOyBJeu3K97F93p1uEE3SOSuh48YQaGJo.jpg?v=1781421917,telex_output/images/289_Aukey_CB-SCC242_Circlet_Blink_USB-C_to_USB-C_240W_Braided_Fast_Charging_Cable.jpg
Aukey SP-GT10C iPhone 15 Pro Super Clear Tempered Glass Screen Protector,Aukey,"Rs.1,399.00","Rs.2,000.00",-30%,In Stock,https://telex.pk/products/aukey-sp-gt10c-iphone-15-pro-super-clear-tempered-glass-screen-protector,https://cdn.shopify.com/s/files/1/0830/0897/9164/files/lg_cF9UXBk6Jtrrl8NUNRJ3eMaEdRH2GE3kzpu7wkJ8.jpg?v=1781421555,telex_output/images/290_Aukey_SP-GT10C_iPhone_15_Pro_Super_Clear_Tempered_Glass_Screen_Protector.jpg
Aukey SP-GT20D iPhone 15 Pro Max Corning Gorilla Glass Screen Protector,Aukey,"Rs.1,899.00","Rs.2,500.00",-24%,In Stock,https://telex.pk/products/aukey-sp-gt20d-iphone-15-pro-max-corning-gorilla-glass-screen-protector,https://cdn.shopify.com/s/files/1/0830/0897/9164/files/lg_LkydXvv2KmQsWW97nPY0tBiJJ8s5IShtQRPnDE31_f8b44d9d-a98c-479d-a147-4e25f954ab27.jpg?v=1781421447,telex_output/images/291_Aukey_SP-GT20D_iPhone_15_Pro_Max_Corning_Gorilla_Glass_Screen_Protector.jpg
Aukey SP-GT20C iPhone 15 Pro Corning Gorilla Glass Screen Protector,Aukey,"Rs.1,899.00","Rs.2,500.00",-24%,In Stock,https://telex.pk/products/aukey-sp-gt20c-iphone-15-pro-corning-gorilla-glass-screen-protector,https://cdn.shopify.com/s/files/1/0830/0897/9164/files/lg_LkydXvv2KmQsWW97nPY0tBiJJ8s5IShtQRPnDE31.jpg?v=1781421259,telex_output/images/292_Aukey_SP-GT20C_iPhone_15_Pro_Corning_Gorilla_Glass_Screen_Protector.jpg
Aukey HD-M12 MagLink Freeze Magnetic Wireless Car Charger,Aukey,"Rs.7,449.00","Rs.8,500.00",-12%,In Stock,https://telex.pk/products/aukey-hd-m12-maglink-freeze-magnetic-wireless-car-charger,https://cdn.shopify.com/s/files/1/0830/0897/9164/files/lg_h0P7o0Gjvyjqla5MbceEGzJuI2iUna1KqNgo0Y73.jpg?v=1781421022,telex_output/images/293_Aukey_HD-M12_MagLink_Freeze_Magnetic_Wireless_Car_Charger.jpg
Aukey PC-TM10C iPhone 15 Pro Clear View Transparent Magnetic Clear Phone Case With Magsafe,Aukey,"Rs.1,899.00","Rs.2,650.00",-28%,In Stock,https://telex.pk/products/aukey-pc-tm10c-iphone-15-pro-clear-view-transparent-magnetic-clear-phone-case-with-magsafe,https://cdn.shopify.com/s/files/1/0830/0897/9164/files/lg_kOQiXksOlhW1oyQaOPe72JtHVjZcosaeKaITWR4n.jpg?v=1781420581,telex_output/images/294_Aukey_PC-TM10C_iPhone_15_Pro_Clear_View_Transparent_Magnetic_Clear_Phone_Case_Wi.jpg
Aukey PC-TM10D IPhone 15 Pro Max Clear View Transparent Magnetic Clear Phone Case With Magsafe,Aukey,"Rs.1,899.00","Rs.2,650.00",-28%,In Stock,https://telex.pk/products/aukey-pc-tm10d-iphone-15-pro-max-clear-view-transparent-magnetic-clear-phone-case-with-magsafe,https://cdn.shopify.com/s/files/1/0830/0897/9164/files/lg_VFSEZGTTvGCYMDny6pFqmRE9yT34djpuXpYj7FYU.jpg?v=1781420310,telex_output/images/295_Aukey_PC-TM10D_IPhone_15_Pro_Max_Clear_View_Transparent_Magnetic_Clear_Phone_Cas.jpg
Aukey CB-MD2 Gold-Plated Micro USB Fast Charging Cable,Aukey,Rs.849.00,"Rs.1,200.00",-29%,In Stock,https://telex.pk/products/aukey-cb-md2-gold-plated-micro-usb-fast-charging-cable,https://cdn.shopify.com/s/files/1/0830/0897/9164/files/lg_Ji4fcI1voyvPCPQPNc2wNUR40e6fUvD35VJUf6Ny.jpg?v=1781419471,telex_output/images/296_Aukey_CB-MD2_Gold-Plated_Micro_USB_Fast_Charging_Cable.jpg
Aukey CB-CD21 100W USB-C to USB-C Braided Cable,Aukey,"Rs.2,899.00","Rs.3,500.00",-17%,In Stock,https://telex.pk/products/aukey-cb-cd21-100w-usb-c-to-usb-c-braided-cable,https://cdn.shopify.com/s/files/1/0830/0897/9164/files/lg_lbclpj9ejJJXouwrH4rmsQ2R3r5HNBMMljTQ1m3d.jpg?v=1781419053,telex_output/images/297_Aukey_CB-CD21_100W_USB-C_to_USB-C_Braided_Cable.jpg
Aukey CB-CL1 USB-C to Lightning Braided Cable 3.95ft,Aukey,"Rs.3,249.00","Rs.4,000.00",-19%,In Stock,https://telex.pk/products/aukey-cb-cl1-usb-c-to-lightning-braided-cable-3-95ft,https://cdn.shopify.com/s/files/1/0830/0897/9164/files/lg_1JoEEAjei0gvWgeU37rFKGJrRaUENWPCUtz98utF.jpg?v=1781418713,telex_output/images/298_Aukey_CB-CL1_USB-C_to_Lightning_Braided_Cable_3.95ft.jpg
Aukey CB-CD45 USB-C to USB-C Cable 2.0 - 0.9m,Aukey,"Rs.1,399.00",,,In Stock,https://telex.pk/products/aukey-cb-cd45-usb-c-to-usb-c-cable-2-0-0-9m,https://cdn.shopify.com/s/files/1/0830/0897/9164/files/lg_jw81i2iu121283IdbwB4Bf69ojXHSkg1AtJZXruD.jpg?v=1781418519,telex_output/images/299_Aukey_CB-CD45_USB-C_to_USB-C_Cable_2.0_-_0.9m.jpg
Aukey PC-GJ10D iPhone 15 Pro Max Silicone Magnetic Liquid Phone Case With Magsafe,Aukey,"Rs.2,499.00","Rs.3,200.00",-22%,In Stock,https://telex.pk/products/aukey-pc-gj10d-iphone-15-pro-max-silicone-magnetic-liquid-phone-case-with-magsafe,https://cdn.shopify.com/s/files/1/0830/0897/9164/files/lg_LusHSVFzXKldzHuGbpwSbo7CV19KzzWIZSQuF09Q.jpg?v=1781418106,telex_output/images/300_Aukey_PC-GJ10D_iPhone_15_Pro_Max_Silicone_Magnetic_Liquid_Phone_Case_With_Magsaf.jpg
Anker PowerLine USB-C to USB-A 3.0 Cable 3FT,Anker,"Rs.1,699.00","Rs.2,200.00",-23%,In Stock,https://telex.pk/products/anker-powerline-usb-c-to-usb-a-3-0-cable-3ft,https://cdn.shopify.com/s/files/1/0830/0897/9164/files/lg_Esc5EXVLbvxwy86NMNM5j9BusBb6v5Vwt79b1GwM.jpg?v=1781417765,telex_output/images/301_Anker_PowerLine_USB-C_to_USB-A_3.0_Cable_3FT.jpg
Anker Lightning to 3.5mm + Charging Adapter,Anker,"Rs.10,399.00","Rs.13,000.00",-20%,In Stock,https://telex.pk/products/anker-lightning-to-3-5mm-charging-adapter,https://cdn.shopify.com/s/files/1/0830/0897/9164/files/lg_dltswoFMo5vKOkplDVhlAcSUdafi87EULabVfDdk.jpg?v=1781416633,telex_output/images/302_Anker_Lightning_to_3.5mm___Charging_Adapter.jpg
Anker 322 USB-C to USB-C Braided Cable -6ft,Anker,"Rs.1,899.00","Rs.2,200.00",-14%,In Stock,https://telex.pk/products/anker-322-usb-c-to-usb-c-braided-cable-6ft,https://cdn.shopify.com/s/files/1/0830/0897/9164/files/lg_fzwbhuQrU9G0MLkB2ez3O6iSAP2o5Imunz92GCdQ_8f2cfcb8-29a6-4e2e-a9e2-ebd1c9c7c4cf.jpg?v=1781373683,telex_output/images/303_Anker_322_USB-C_to_USB-C_Braided_Cable_-6ft.jpg
Anker 322 USB-C to USB-C Braided Cable – 3ft,Anker,"Rs.1,749.00","Rs.2,200.00",-20%,In Stock,https://telex.pk/products/anker-322-usb-c-to-usb-c-braided-cable-3ft,https://cdn.shopify.com/s/files/1/0830/0897/9164/files/lg_fzwbhuQrU9G0MLkB2ez3O6iSAP2o5Imunz92GCdQ.jpg?v=1781373379,telex_output/images/304_Anker_322_USB-C_to_USB-C_Braided_Cable___3ft.jpg
Anker USB-C to USB-C 240W Braided Cable (6FT),Anker,"Rs.8,999.00","Rs.11,000.00",-18%,In Stock,https://telex.pk/products/anker-usb-c-to-usb-c-240w-braided-cable-6ft,https://cdn.shopify.com/s/files/1/0830/0897/9164/files/lg_MciIASfPeHVM4ZTt1abrG0QDaBBUT1cNsz0xc1M4_1.jpg?v=1781372840,telex_output/images/305_Anker_USB-C_to_USB-C_240W_Braided_Cable__6FT_.jpg
Anker MagGo 10K Ultra-Fast Magnetic Charge Power Bank,Anker,"Rs.19,199.00","Rs.22,000.00",-13%,Out of Stock,https://telex.pk/products/anker-maggo-10k-ultra-fast-magnetic-charge-power-bank,https://cdn.shopify.com/s/files/1/0830/0897/9164/files/lg_PScxmK9vWPn9zfU0LOJkeVWOEXX9gAKrHtAETpY5.jpg?v=1781372516,telex_output/images/306_Anker_MagGo_10K_Ultra-Fast_Magnetic_Charge_Power_Bank.jpg
Anker Nano Power Bank 5000mAh Built-In Lightning Connector,Anker,"Rs.8,099.00","Rs.12,000.00",-33%,In Stock,https://telex.pk/products/anker-nano-power-bank-5000mah-built-in-lightning-connector,https://cdn.shopify.com/s/files/1/0830/0897/9164/files/lg_EbtZcQjcHg1lgps3wMczUifvSRI4jcdfUDlSVYRr_1.jpg?v=1781372079,telex_output/images/307_Anker_Nano_Power_Bank_5000mAh_Built-In_Lightning_Connector.jpg
Anker PowerPort Speed 5 63W 5-Port USB Wall Charger with Dual Quick Charge Ports,Anker,"Rs.12,499.00","Rs.16,500.00",-24%,In Stock,https://telex.pk/products/anker-powerport-speed-5-63w-5-port-usb-wall-charger-with-dual-quick-charge-ports,https://cdn.shopify.com/s/files/1/0830/0897/9164/files/lg_csaBxLTP4x5mAr2hDcCe365z9WOsmumTOhfNuBuE.jpg?v=1781370973,telex_output/images/308_Anker_PowerPort_Speed_5_63W_5-Port_USB_Wall_Charger_with_Dual_Quick_Charge_Ports.jpg
Anker 25W USB-C Wall Charger,Anker,"Rs.3,199.00","Rs.4,000.00",-20%,Out of Stock,https://telex.pk/products/anker-25w-usb-c-wall-charger,https://cdn.shopify.com/s/files/1/0830/0897/9164/files/lg_InDKkeKX3EiPQyme0EdOw69jFb9X57abQ0kjnLnq.jpg?v=1781370521,telex_output/images/309_Anker_25W_USB-C_Wall_Charger.jpg
Anker Nano USB-C to HDMI Cable 3ft,Anker,"Rs.4,249.00","Rs.5,000.00",-15%,In Stock,https://telex.pk/products/anker-nano-usb-c-to-hdmi-cable-3ft,https://cdn.shopify.com/s/files/1/0830/0897/9164/files/lg_JlfS1cesjiTz5jZRjPAkbiIPR5pErEzMm2Q99Ezm_1.jpg?v=1781369953,telex_output/images/310_Anker_Nano_USB-C_to_HDMI_Cable_3ft.jpg
Anker MagGo 10K 35W Magnetic Wireless Power Bank,Anker,"Rs.21,799.00","Rs.27,000.00",-19%,In Stock,https://telex.pk/products/anker-maggo-10k-35w-magnetic-wireless-power-bank,https://cdn.shopify.com/s/files/1/0830/0897/9164/files/lg_OvMTTAAyRO1kh2fLL2Sd2C3lUfIzFPYsutGUo1DS_1.jpg?v=1781369722,telex_output/images/311_Anker_MagGo_10K_35W_Magnetic_Wireless_Power_Bank.jpg
"Anker Nano Power Bank 10,000mAh 45W with Built-In Retractable USB-C Cable",Anker,"Rs.16,789.00","Rs.20,000.00",-16%,In Stock,https://telex.pk/products/anker-nano-power-bank-10-000mah-45w-with-built-in-retractable-usb-c-cable,https://cdn.shopify.com/s/files/1/0830/0897/9164/files/lg_i4rCJ3pKXdk9TIwa6cTXkBjAlrJagXzRHCC79pgW.jpg?v=1781369070,telex_output/images/312_Anker_Nano_Power_Bank_10_000mAh_45W_with_Built-In_Retractable_USB-C_Cable.jpg
Anker Zolo 240w Usb-C to Usb-C Fast Charging Braided Cable 3.3f,Anker,"Rs.2,199.00","Rs.3,000.00",-27%,In Stock,https://telex.pk/products/anker-zolo-240w-usb-c-to-usb-c-fast-charging-braided-cable-3-3f,https://cdn.shopify.com/s/files/1/0830/0897/9164/files/lg_GuEMttyoLp8xkOV1VhXTO6YYZ5uEdZ9LyXaPuECp.jpg?v=1781368718,telex_output/images/313_Anker_Zolo_240w_Usb-C_to_Usb-C_Fast_Charging_Braided_Cable_3.3f.jpg
Anker 310 USB-C to USB-C Cable 0.9m,Anker,"Rs.2,499.00","Rs.3,200.00",-22%,In Stock,https://telex.pk/products/anker-310-usb-c-to-usb-c-cable-0-9m,https://cdn.shopify.com/s/files/1/0830/0897/9164/files/lg_wJJ3LEu72jhFRgV2iTOZkpftl2epdrSQblNFS0Gz_1.jpg?v=1781368258,telex_output/images/314_Anker_310_USB-C_to_USB-C_Cable_0.9m.jpg
Anker PowerPort II Dual USB 12W Charger,Anker,"Rs.4,299.00","Rs.5,500.00",-22%,In Stock,https://telex.pk/products/anker-powerport-ii-dual-usb-12w-charger,https://cdn.shopify.com/s/files/1/0830/0897/9164/files/lg_MAMqRBNOwQl6QITo439A15xruZrnOP1KgCqPGIoU.jpg?v=1781367800,telex_output/images/315_Anker_PowerPort_II_Dual_USB_12W_Charger.jpg
Anker Prime 250W 6-Port GaN USB-C Desktop Charging Station,Anker,"Rs.49,499.00","Rs.55,000.00",-10%,In Stock,https://telex.pk/products/anker-prime-250w-6-port-gan-usb-c-desktop-charging-station,https://cdn.shopify.com/s/files/1/0830/0897/9164/files/lg_VUY1xFWdmFHumy4qoybeccLFMXLPcWAxkaqApIaW.jpg?v=1781367502,telex_output/images/316_Anker_Prime_250W_6-Port_GaN_USB-C_Desktop_Charging_Station.jpg
Anker 240W USB-C to USB-C Ultra-Fast Charging Cable 3.3ft,Anker,"Rs.3,799.00","Rs.3,799.00",,In Stock,https://telex.pk/products/anker-240w-usb-c-to-usb-c-ultra-fast-charging-cable-3-3ft,https://cdn.shopify.com/s/files/1/0830/0897/9164/files/lg_EnFDbyAlQ1iheq5Wgdh6aJCmtHwH7f7KCOlQl4gl.jpg?v=1781366740,telex_output/images/317_Anker_240W_USB-C_to_USB-C_Ultra-Fast_Charging_Cable_3.3ft.jpg
Anker Prime Thunderbolt 5 Cable (1 m) 240W Fast Charging & 80Gbps Data Transfer,Anker,"Rs.9,999.00","Rs.12,000.00",-17%,In Stock,https://telex.pk/products/anker-prime-thunderbolt-5-cable-1-m-240w-fast-charging-80gbps-data-transfer,https://cdn.shopify.com/s/files/1/0830/0897/9164/files/lg_Er9eFX7GKA3o4IeOzRwZtWrevsSrwS11SDJ6Pawi.jpg?v=1781365105,telex_output/images/318_Anker_Prime_Thunderbolt_5_Cable__1_m__240W_Fast_Charging___80Gbps_Data_Transfer.jpg
Anker Zolo 20w 2 Pin Mini Charger With Official Warranty,Anker,"Rs.2,899.00","Rs.3,600.00",-19%,In Stock,https://telex.pk/products/anker-zolo-20w-2-pin-mini-charger-with-official-warranty,https://cdn.shopify.com/s/files/1/0830/0897/9164/files/lg_NsOGqUqH7qT8zztKgZnRgVee1TZR8fqlExDokmDO.jpg?v=1781364451,telex_output/images/319_Anker_Zolo_20w_2_Pin_Mini_Charger_With_Official_Warranty.jpg
Anker 737 PowerCore 24K 140W Fast Charging Power Bank,Anker,"Rs.37,999.00","Rs.42,000.00",-10%,In Stock,https://telex.pk/products/anker-737-powercore-24k-140w-fast-charging-power-bank,https://cdn.shopify.com/s/files/1/0830/0897/9164/files/lg_AbGwfe7m0zaTrVEZrZUOhNs9X2DcNbHB5OwC3Sr2.jpg?v=1781364224,telex_output/images/320_Anker_737_PowerCore_24K_140W_Fast_Charging_Power_Bank.jpg
Yolo Y-079 Flow Type-C to Type C Fast Charging Cable 60W With Official Warranty,Yolo,Rs.539.00,Rs.850.00,-37%,In Stock,https://telex.pk/products/yolo-y-079-flow-type-c-to-type-c-fast-charging-cable-60w-with-official-warranty,https://cdn.shopify.com/s/files/1/0830/0897/9164/files/lg_IHGnDbui9g8oNuPL3wprF6xkWk0TaCGBdRlJv0uB.jpg?v=1781351904,telex_output/images/321_Yolo_Y-079_Flow_Type-C_to_Type_C_Fast_Charging_Cable_60W_With_Official_Warranty.jpg
Yolo Y-077 Fast Charging Lightning Cable With Official Warranty,Yolo,Rs.489.00,Rs.750.00,-35%,In Stock,https://telex.pk/products/yolo-y-077-fast-charging-lightning-cable-with-official-warranty,https://cdn.shopify.com/s/files/1/0830/0897/9164/files/lg_zZTvnPiTyc88oZdqTSyRtTWmAlpREon9vYsUQLwc.jpg?v=1781351754,telex_output/images/322_Yolo_Y-077_Fast_Charging_Lightning_Cable_With_Official_Warranty.jpg
Yolo Y-076 Type-C 18W Fast Charging Cable With Official Warranty,Yolo,Rs.489.00,Rs.650.00,-25%,In Stock,https://telex.pk/products/yolo-y-076-type-c-18w-fast-charging-cable-with-official-warranty,https://cdn.shopify.com/s/files/1/0830/0897/9164/files/lg_Apg8pdp5uZF87eCw7k8T6gINrqTwnCdiB4tknHy1.jpg?v=1781351392,telex_output/images/323_Yolo_Y-076_Type-C_18W_Fast_Charging_Cable_With_Official_Warranty.jpg
Yolo Y-201i Dual Port 20W Fast Charger With 100 CM Type C to IOS Cable,Yolo,"Rs.1,199.00","Rs.1,600.00",-25%,In Stock,https://telex.pk/products/yolo-y-201i-dual-port-type-c-to-ios-charger-20w-with-official-warranty,https://cdn.shopify.com/s/files/1/0830/0897/9164/files/lg_YGD4g3rfa6UoztVTVkndC4QqyKtKVEz7dnHCT47V_fcb6fc66-cacf-4e54-8b99-03b95a4f182a.jpg?v=1781351132,telex_output/images/324_Yolo_Y-201i_Dual_Port_20W_Fast_Charger_With_100_CM_Type_C_to_IOS_Cable.jpg
Yolo Y-201 Dual Port 20W Fast Charger With 100 CM Type A to Type C Cable,Yolo,"Rs.1,079.00","Rs.1,850.00",-42%,In Stock,https://telex.pk/products/yolo-y-201-dual-port-usb-a-to-type-c-20w-charger-with-official-warranty,https://cdn.shopify.com/s/files/1/0830/0897/9164/files/lg_YGD4g3rfa6UoztVTVkndC4QqyKtKVEz7dnHCT47V.jpg?v=1781350610,telex_output/images/325_Yolo_Y-201_Dual_Port_20W_Fast_Charger_With_100_CM_Type_A_to_Type_C_Cable.jpg
Yolo Y-078 USB To Micro USB Cable With Official Warranty,Yolo,Rs.449.00,Rs.750.00,-40%,In Stock,https://telex.pk/products/yolo-y-078-usb-to-micro-usb-cable-with-official-warranty,https://cdn.shopify.com/s/files/1/0830/0897/9164/files/lg_uHSClpDyStnM28iVyEOtplU5YY81aB0OFl2IpMN0.jpg?v=1781349498,telex_output/images/326_Yolo_Y-078_USB_To_Micro_USB_Cable_With_Official_Warranty.jpg
Yolo Y-080 Type-C to Lightning Charging Cable With Official Warranty,Yolo,Rs.559.00,Rs.850.00,-34%,In Stock,https://telex.pk/products/yolo-y-080-type-c-to-lightning-charging-cable-with-official-warranty,https://cdn.shopify.com/s/files/1/0830/0897/9164/files/lg_SX9YtzUmfAHHM1hY7sAsyx8RAMETIBADNqejuRdO.jpg?v=1781349537,telex_output/images/327_Yolo_Y-080_Type-C_to_Lightning_Charging_Cable_With_Official_Warranty.jpg
Yolo Y-084 Link 2 USB to Type C Charging Cable With Official Warranty,Yolo,Rs.583.00,Rs.850.00,-31%,In Stock,https://telex.pk/products/yolo-y-084-link-2-usb-to-type-c-charging-cable-with-official-warranty,https://cdn.shopify.com/s/files/1/0830/0897/9164/files/lg_0aRcpvYWOT77CHMvYnmBN7c2LC9cLrce4PyU8Htl.jpg?v=1781348860,telex_output/images/328_Yolo_Y-084_Link_2_USB_to_Type_C_Charging_Cable_With_Official_Warranty.jpg
Yolo Y-086 Link 4 4 in 1 Charging Cable With Official Warranty,Yolo,Rs.749.00,"Rs.1,100.00",-32%,In Stock,https://telex.pk/products/yolo-y-086-link-4-4-in-1-charging-cable-with-official-warranty,https://cdn.shopify.com/s/files/1/0830/0897/9164/files/lg_D4W16awmF9sXRed6MPeMrtkmSV0mHu27kOOBqXWH.jpg?v=1781348473,telex_output/images/329_Yolo_Y-086_Link_4_4_in_1_Charging_Cable_With_Official_Warranty.jpg
Yolo Y-15 Type C Wired Earphone With Official Warranty,Yolo,Rs.839.00,"Rs.1,100.00",-24%,In Stock,https://telex.pk/products/yolo-y-15-type-c-wired-earphone-with-official-warranty,https://cdn.shopify.com/s/files/1/0830/0897/9164/files/lg_f277rZBDOxiUTL6umIz0mLbniHV48zPMbpylsXvj.jpg?v=1781348173,telex_output/images/330_Yolo_Y-15_Type_C_Wired_Earphone_With_Official_Warranty.jpg
Yolo Y-15 Aux Wired Earphone With Official Warranty,Yolo,Rs.669.00,Rs.950.00,-30%,In Stock,https://telex.pk/products/yolo-y-15-aux-wired-earphone-with-official-warranty,https://cdn.shopify.com/s/files/1/0830/0897/9164/files/lg_O84BGvh7cLbmbL8MZSEi3JX7g5joRwPHQKRzfxwp.jpg?v=1781347846,telex_output/images/331_Yolo_Y-15_Aux_Wired_Earphone_With_Official_Warranty.jpg
Yolo Y-14 Type C Wired Earphone With Official Warranty,Yolo,Rs.710.00,"Rs.1,000.00",-29%,In Stock,https://telex.pk/products/yolo-y-14-type-c-wired-earphone-with-official-warranty,https://cdn.shopify.com/s/files/1/0830/0897/9164/files/lg_QP3xSEcFbTn8G8NDa3BT6YKb79gAkWUBTmaoapw6.jpg?v=1781347540,telex_output/images/332_Yolo_Y-14_Type_C_Wired_Earphone_With_Official_Warranty.jpg
Yolo Y-14 Aux Wired Earphone With Official Warranty,Yolo,Rs.589.00,Rs.800.00,-26%,In Stock,https://telex.pk/products/yolo-y-14-aux-wired-earphone-with-official-warranty,https://cdn.shopify.com/s/files/1/0830/0897/9164/files/lg_2Sq3u3ud5jvJNWZpjnKIJtzRq0hODp2IgWnFdFsu.jpg?v=1781341561,telex_output/images/333_Yolo_Y-14_Aux_Wired_Earphone_With_Official_Warranty.jpg
Yolo YoPod Vibe Wireless Earbuds With Official Warranty,Yolo,"Rs.2,499.00","Rs.3,200.00",-22%,In Stock,https://telex.pk/products/yolo-yopod-vibe-wireless-earbuds-with-official-warranty,https://cdn.shopify.com/s/files/1/0830/0897/9164/files/lg_QQkM3XkA1w9WnDhTZoBtSyfcgaUYVOh3lsl6maI3.jpg?v=1781340535,telex_output/images/334_Yolo_YoPod_Vibe_Wireless_Earbuds_With_Official_Warranty.jpg
Joyroom JR-D8 Wireless Bluetooth Sports Neckband,Joyroom,"Rs.4,899.00","Rs.6,800.00",-28%,In Stock,https://telex.pk/products/joyroom-jr-d8-wireless-bluetooth-sports-neckband,https://cdn.shopify.com/s/files/1/0830/0897/9164/files/lg_jilPv784KSAom4DMc3ogqRNhoU7ermYn35pekbCg.jpg?v=1781437603,telex_output/images/335_Joyroom_JR-D8_Wireless_Bluetooth_Sports_Neckband.jpg
Faster AS18 Open-Ear Bone Conduction Wireless Headphones,Faster,"Rs.6,999.00","Rs.8,500.00",-18%,In Stock,https://telex.pk/products/faster-as18-open-ear-bone-conduction-wireless-headphones,https://cdn.shopify.com/s/files/1/0830/0897/9164/files/pokcknba-600x600.jpg?v=1781865299,telex_output/images/336_Faster_AS18_Open-Ear_Bone_Conduction_Wireless_Headphones.jpg
Audionic Jionee 2 Wired Handsfree,Audionic,Rs.599.00,Rs.950.00,-37%,In Stock,https://telex.pk/products/audionic-jionee-2-wired-handsfree,https://cdn.shopify.com/s/files/1/0830/0897/9164/files/audionic-the-sound-master-default-title-jionee-2-33570679947420.webp?v=1785014051,telex_output/images/337_Audionic_Jionee_2_Wired_Handsfree.webp
Audionic Mark-1 Wired Handsfree Earphone,Audionic,Rs.545.00,Rs.900.00,-39%,In Stock,https://telex.pk/products/audionic-mark-1-wired-handsfree-earphone,https://cdn.shopify.com/s/files/1/0830/0897/9164/files/audionic-default-title-mark-1-earphone-34658121318556.webp?v=1785014392,telex_output/images/338_Audionic_Mark-1_Wired_Handsfree_Earphone.webp
Audionic Max Pro 5 Wired In-Ear Handsfree Earphone,Audionic,Rs.599.00,Rs.900.00,-33%,In Stock,https://telex.pk/products/audionic-max-pro-5-wired-in-ear-handsfree-earphone,https://cdn.shopify.com/s/files/1/0830/0897/9164/files/audionic-the-sound-master-default-title-max-pro-5-earphone-33845859221660.webp?v=1785015496,telex_output/images/339_Audionic_Max_Pro_5_Wired_In-Ear_Handsfree_Earphone.webp
"Audionic Reboot 303 Power Bank 30,000mAh 65W",Audionic,"Rs.9,899.00","Rs.13,500.00",-27%,Out of Stock,https://telex.pk/products/audionic-reboot-303-power-bank-30-000mah-65w,https://cdn.shopify.com/s/files/1/0830/0897/9164/files/3032.webp?v=1785018024,telex_output/images/340_Audionic_Reboot_303_Power_Bank_30_000mAh_65W.webp
Audionic Spark Pro S-220 Mini 20000mAh 22.5W Power Bank,Audionic,"Rs.4,299.00","Rs.6,000.00",-28%,Out of Stock,https://telex.pk/products/audionic-spark-pro-s-220-mini-20000mah-22-5w-power-bank,https://cdn.shopify.com/s/files/1/0830/0897/9164/files/audionic-spark-pro-s-220-mini-powerbank-20000mah-pakistan-priceoye-zucc8-500x500.webp?v=1785020790,telex_output/images/341_Audionic_Spark_Pro_S-220_Mini_20000mAh_22.5W_Power_Bank.webp
Dany Titan T-100 20000mAh PD 22.5W Fast Charging Power Bank,Dany,"Rs.4,999.00","Rs.6,200.00",-19%,In Stock,https://telex.pk/products/dany-titan-t-100-20000mah-pd-22-5w-fast-charging-power-bank,https://cdn.shopify.com/s/files/1/0830/0897/9164/files/audionic-the-sound-master-default-title-dany-titan-t-100-black-20000-mah-power-bank-35403744018588_copy.webp?v=1785056927,telex_output/images/342_Dany_Titan_T-100_20000mAh_PD_22.5W_Fast_Charging_Power_Bank.webp
Dany Titan T-90 10000mAh PD 22.5W Fast Charging Power Bank,Dany,"Rs.3,399.00","Rs.5,000.00",-32%,In Stock,https://telex.pk/products/dany-titan-t-90-10000mah-pd-22-5w-fast-charging-power-bank,https://cdn.shopify.com/s/files/1/0830/0897/9164/files/black-min_1_copy_1624b61e-5015-4dad-a1f9-5583119cf079.webp?v=1785057547,telex_output/images/343_Dany_Titan_T-90_10000mAh_PD_22.5W_Fast_Charging_Power_Bank.webp
Apple Pencil Pro,Apple,"Rs.27,499.00","Rs.29,999.00",-8%,In Stock,https://telex.pk/products/apple-pencil-pro,https://cdn.shopify.com/s/files/1/0830/0897/9164/files/FitbitAirBerry_1_de14fe61-0427-45ff-ac70-f9df72f5020c.jpg?v=1783334144,telex_output/images/344_Apple_Pencil_Pro.jpg
Mcdodo Cab Luma 100W USB-C to USB-C Charging Cable with LED 1.2m,Mcdodo,"Rs.3,099.00","Rs.4,000.00",-23%,In Stock,https://telex.pk/products/mcdodo-cab-luma-100w-usb-c-to-usb-c-charging-cable-with-led-1-2m,https://cdn.shopify.com/s/files/1/0830/0897/9164/files/Fitbit_Air_Berry_95.jpg?v=1783596523,telex_output/images/345_Mcdodo_Cab_Luma_100W_USB-C_to_USB-C_Charging_Cable_with_LED_1.2m.jpg
Mcdodo 45W Gana Mini + 100W Cab Luma Cosmic Orange Combo Pack Deal,Mcdodo,"Rs.7,499.00","Rs.9,000.00",-17%,In Stock,https://telex.pk/products/mcdodo-45w-gana-mini-100w-cab-luma-cosmic-orange-combo-pack-deal,https://cdn.shopify.com/s/files/1/0830/0897/9164/files/FitbitAirBerry_97.jpg?v=1783597154,telex_output/images/346_Mcdodo_45W_Gana_Mini___100W_Cab_Luma_Cosmic_Orange_Combo_Pack_Deal.jpg
Mcdodo 45W Gana Mini Ultimate Mini GaN Dual Port Charger,Mcdodo,"Rs.6,999.00","Rs.8,500.00",-18%,In Stock,https://telex.pk/products/mcdodo-45w-gana-mini-ultimate-mini-gan-dual-port-charger,https://cdn.shopify.com/s/files/1/0830/0897/9164/files/FitbitAirBerry_100.jpg?v=1783597547,telex_output/images/347_Mcdodo_45W_Gana_Mini_Ultimate_Mini_GaN_Dual_Port_Charger.jpg
Mcdodo 2-in-1 Type C Cable with Samsung Watch Charger 1.2m,Mcdodo,"Rs.5,499.00","Rs.7,000.00",-21%,In Stock,https://telex.pk/products/mcdodo-2-in-1-type-c-cable-with-samsung-watch-charger-1-2m,https://cdn.shopify.com/s/files/1/0830/0897/9164/files/FitbitAirBerry-2026-07-09T165850.942.jpg?v=1783598464,telex_output/images/348_Mcdodo_2-in-1_Type_C_Cable_with_Samsung_Watch_Charger_1.2m.jpg
Mcdodo 60W USB-C to USB-C Cable with Apple Watch Wireless Charger - CA-2580 – (1.5m),Mcdodo,"Rs.5,499.00","Rs.7,499.00",-27%,In Stock,https://telex.pk/products/mcdodo-60w-usb-c-to-usb-c-cable-with-apple-watch-wireless-charger-ca-2580-1-5m,https://cdn.shopify.com/s/files/1/0830/0897/9164/files/FitbitAirBerry-2026-07-09T170639.158.jpg?v=1783598855,telex_output/images/349_Mcdodo_60W_USB-C_to_USB-C_Cable_with_Apple_Watch_Wireless_Charger_-_CA-2580____1.jpg
"Mcdodo 2 in1 10,000 mAh 20W+15W Wireless Power Bank with foldable stand",Mcdodo,"Rs.10,499.00","Rs.12,000.00",-13%,In Stock,https://telex.pk/products/mcdodo-2-in1-10-000-mah-20w-15w-wireless-power-bank-with-foldable-stand,https://cdn.shopify.com/s/files/1/0830/0897/9164/files/Fitbit_Air_Berry_-_2026-07-09T171403.248.jpg?v=1783599271,telex_output/images/350_Mcdodo_2_in1_10_000_mAh_20W_15W_Wireless_Power_Bank_with_foldable_stand.jpg
Mcdodo 240W Type C to Type C Cable 2m - CA-3311,Mcdodo,"Rs.2,999.00","Rs.4,499.00",-33%,In Stock,https://telex.pk/products/mcdodo-240w-type-c-to-type-c-cable-2m-ca-3311,https://cdn.shopify.com/s/files/1/0830/0897/9164/files/FitbitAirBerry-2026-07-09T172025.067.jpg?v=1783599636,telex_output/images/351_Mcdodo_240W_Type_C_to_Type_C_Cable_2m_-_CA-3311.jpg
Mcdodo Car Charger Mobile 75W Dual Port USB A + C Fast Charging - CC-3690,Mcdodo,"Rs.7,499.00","Rs.8,499.00",-12%,In Stock,https://telex.pk/products/mcdodo-car-charger-mobile-75w-dual-port-usb-a-c-fast-charging-cc-3690,https://cdn.shopify.com/s/files/1/0830/0897/9164/files/FitbitAirBerry-2026-07-09T172527.692.jpg?v=1783600021,telex_output/images/352_Mcdodo_Car_Charger_Mobile_75W_Dual_Port_USB_A___C_Fast_Charging_-_CC-3690.jpg
Mcdodo Ai Auto Power Off PD Type-C To Lightning Cable 1.8m - CA-7361,Mcdodo,"Rs.3,199.00","Rs.3,999.00",-20%,In Stock,https://telex.pk/products/mcdodo-ai-auto-power-off-pd-type-c-to-lightning-cable-1-8m-ca-7361,https://cdn.shopify.com/s/files/1/0830/0897/9164/files/FitbitAirBerry-2026-07-09T174039.512.jpg?v=1783600886,telex_output/images/353_Mcdodo_Ai_Auto_Power_Off_PD_Type-C_To_Lightning_Cable_1.8m_-_CA-7361.jpg
Faster FT-01A Airvibe 2 Over Ear Earbuds,Faster,"Rs.4,949.00","Rs.6,000.00",-18%,In Stock,https://telex.pk/products/faster-ft-01a-airvibe-2-over-ear-earbuds,https://cdn.shopify.com/s/files/1/0830/0897/9164/files/Untitled_design_13.jpg?v=1781860926,telex_output/images/354_Faster_FT-01A_Airvibe_2_Over_Ear_Earbuds.jpg
Faster G2000 RGB Lighting Dual Gaming Wireless Speakers 10W,Faster,"Rs.4,399.00","Rs.5,500.00",-20%,In Stock,https://telex.pk/products/faster-g2000-rgb-lighting-dual-gaming-wireless-speakers-10w,https://cdn.shopify.com/s/files/1/0830/0897/9164/files/lg_YKKk7H9iauhHGapS2fLKUL40pyAE5DxdYqgpVh3n.jpg?v=1781861839,telex_output/images/355_Faster_G2000_RGB_Lighting_Dual_Gaming_Wireless_Speakers_10W.jpg
Faster G1000 RGB Lighting Mini Gaming Speaker 20W,Faster,"Rs.4,199.00","Rs.5,500.00",-24%,In Stock,https://telex.pk/products/faster-g1000-rgb-lighting-mini-gaming-speaker-20w,https://cdn.shopify.com/s/files/1/0830/0897/9164/files/lg_ISnHZsn5OVMVSTBUaiTMTsepshfTCIabfSZ1AQi0.jpg?v=1781862279,telex_output/images/356_Faster_G1000_RGB_Lighting_Mini_Gaming_Speaker_20W.jpg
Faster Rainbow 4s Portable Wireless Speaker 10w,Faster,"Rs.4,899.00","Rs.6,000.00",-18%,In Stock,https://telex.pk/products/faster-rainbow-4s-portable-wireless-speaker-10w,https://cdn.shopify.com/s/files/1/0830/0897/9164/files/Untitleddesign_15.jpg?v=1781862602,telex_output/images/357_Faster_Rainbow_4s_Portable_Wireless_Speaker_10w.jpg
Faster PD-45W Dual Port  Super Fast Charging Wall Charger,Faster,"Rs.5,499.00","Rs.7,000.00",-21%,In Stock,https://telex.pk/products/faster-pd-45w-dual-port-super-fast-charging-wall-charger,https://cdn.shopify.com/s/files/1/0830/0897/9164/files/lg_KxtPqcxDZdikN1mJZ2EnykkWjyQ1hcJwChRuxqgn.jpg?v=1781862877,telex_output/images/358_Faster_PD-45W_Dual_Port__Super_Fast_Charging_Wall_Charger.jpg
Faster S5 ANC Over-Ear Wireless Headphone Special Edition,Faster,"Rs.5,799.00","Rs.7,000.00",-17%,In Stock,https://telex.pk/products/faster-s5-anc-over-ear-wireless-headphone-special-edition,https://cdn.shopify.com/s/files/1/0830/0897/9164/files/lg_dvBmpbzdPo4yA6XyVP48IAZsuh9WsWKLvHzOdvmY.jpg?v=1781864445,telex_output/images/359_Faster_S5_ANC_Over-Ear_Wireless_Headphone_Special_Edition.jpg
Faster BG-400 RGB Gaming Headset,Faster,"Rs.6,499.00",,,In Stock,https://telex.pk/products/faster-bg-400-rgb-gaming-headset,https://cdn.shopify.com/s/files/1/0830/0897/9164/files/lg_biU3v7X2aNcULDH2BSstaIUDHPuTzcfQbSdZinzt.jpg?v=1781864895,telex_output/images/360_Faster_BG-400_RGB_Gaming_Headset.jpg
Faster S5 ANC Over-Ear Wireless Headphones With Active Noise,Faster,"Rs.6,699.00","Rs.8,000.00",-16%,In Stock,https://telex.pk/products/faster-s5-anc-over-ear-wireless-headphones-with-active-noise,https://cdn.shopify.com/s/files/1/0830/0897/9164/files/lg_USzWVPN7w2NiNwJGqPSDwuxM9rWkRkpqVbnY8GGx.jpg?v=1781865694,telex_output/images/361_Faster_S5_ANC_Over-Ear_Wireless_Headphones_With_Active_Noise.jpg
Faster M2 Audio Cable For Type-C to 3.5mm Port,Faster,"Rs.1,299.00","Rs.1,850.00",-30%,In Stock,https://telex.pk/products/faster-m2-audio-cable-for-type-c-to-3-5mm-port,https://cdn.shopify.com/s/files/1/0830/0897/9164/files/lg_vwTBhH8FcT5EB53isVjjEGAV2A5hefOYIKIcB82K.jpg?v=1781870276,telex_output/images/362_Faster_M2_Audio_Cable_For_Type-C_to_3.5mm_Port.jpg
Type C Charging Cable with Built-in Phone Stand,Other,Rs.599.00,"Rs.3,000.00",-80%,In Stock,https://telex.pk/products/type-c-charging-cable-with-built-in-phone-stand,https://cdn.shopify.com/s/files/1/0830/0897/9164/files/12_ec6b1199-e42c-47b5-8f39-9ba02431b521.webp?v=1785232992,telex_output/images/363_Type_C_Charging_Cable_with_Built-in_Phone_Stand.webp
Baseus Adaman Metal Digital Display Power Bank 65W 20000mAh,Baseus,"Rs.11,999.00","Rs.16,500.00",-27%,In Stock,https://telex.pk/products/baseus-adaman-metal-digital-display-power-bank-65w-20000mah,https://cdn.shopify.com/s/files/1/0830/0897/9164/files/baseus-adaman-metal-digital-display-power-bank-65w-20000mah-pakistan-priceoye-c8alr-500x500.webp?v=1785235085,telex_output/images/364_Baseus_Adaman_Metal_Digital_Display_Power_Bank_65W_20000mAh.webp
Apple EarPods USB-C Handsfree,Apple,"Rs.5,799.00","Rs.8,000.00",-28%,In Stock,https://telex.pk/products/apple-earpods-usb-c-handsfree,https://cdn.shopify.com/s/files/1/0830/0897/9164/files/MTJY3.png?v=1785239836,telex_output/images/365_Apple_EarPods_USB-C_Handsfree.png
Belkin Compact 20W PD Wall Charger 2 Pin,Belkin,"Rs.2,899.00","Rs.5,000.00",-42%,In Stock,https://telex.pk/products/belkin-compact-20w-pd-wall-charger-2-pin,https://cdn.shopify.com/s/files/1/0830/0897/9164/files/Belkin-20W-USB-C-Charger-Price-Pakistan-2.webp?v=1785242917,telex_output/images/366_Belkin_Compact_20W_PD_Wall_Charger_2_Pin.webp
Belkin 25W PD Wall Charger 3 Pin,Belkin,"Rs.3,299.00","Rs.4,800.00",-31%,In Stock,https://telex.pk/products/belkin-25w-pd-wall-charger-3-pin,https://cdn.shopify.com/s/files/1/0830/0897/9164/files/images_1062336f-f0f1-4272-b297-1fdf89983ff9.jpg?v=1785250803,telex_output/images/367_Belkin_25W_PD_Wall_Charger_3_Pin.jpg
Belkin Compact 30W PD Wall Charger 2 Pin,Belkin,"Rs.3,699.00","Rs.6,000.00",-38%,In Stock,https://telex.pk/products/belkin-compact-30w-pd-wall-charger-2-pin,https://cdn.shopify.com/s/files/1/0830/0897/9164/files/Belkin-20W-USB-C-Charger-Price-Pakistan-2.webp?v=1785242917,telex_output/images/368_Belkin_Compact_30W_PD_Wall_Charger_2_Pin.webp
Belkin Compact 45W PD Wall Charger With USB-C To USB-C Cable 2 Pin,Belkin,"Rs.5,499.00","Rs.7,000.00",-21%,In Stock,https://telex.pk/products/belkin-compact-45w-pd-wall-charger-with-usb-c-to-usb-c-cable-2-pin,https://cdn.shopify.com/s/files/1/0830/0897/9164/files/Belkin-45W-USB-C-Charger-price-Pakistan-stmobile.pk_-e1782166259913.jpg?v=1785251536,telex_output/images/369_Belkin_Compact_45W_PD_Wall_Charger_With_USB-C_To_USB-C_Cable_2_Pin.jpg
Belkin Boost Charger Pro 2 In 1 Magnetic Charging Pad 15W,Belkin,"Rs.23,499.00","Rs.32,000.00",-27%,In Stock,https://telex.pk/products/belkin-boost-charger-pro-2-in-1-magnetic-charging-pad-15w,https://cdn.shopify.com/s/files/1/0830/0897/9164/files/BoostCharge-Pro-2-in-1-Magnetic-Wireless-Charging-Pad-with-Qi2-15W-stmobile_pk_-1-1024x768_jpg.webp?v=1785253784,telex_output/images/370_Belkin_Boost_Charger_Pro_2_In_1_Magnetic_Charging_Pad_15W.webp
Samsung USB C To USB C Cable 1m,Other,Rs.749.00,"Rs.1,200.00",-38%,In Stock,https://telex.pk/products/samsung-usb-c-to-usb-c-cable-1m,https://cdn.shopify.com/s/files/1/0830/0897/9164/files/samsung-type-c-to-type-c-cable-pakistan-priceoye-gvrn8-500x500.webp?v=1785257979,telex_output/images/371_Samsung_USB_C_To_USB_C_Cable_1m.webp
Samsung 45W Power Adapter with USB-C to USB-C Cable (5A/1.8m) 2 Pin,Samsung,"Rs.7,399.00","Rs.10,000.00",-26%,In Stock,https://telex.pk/products/samsung-45w-power-adapter-with-usb-c-to-usb-c-cable-5a-1-8m-2-pin,https://cdn.shopify.com/s/files/1/0830/0897/9164/files/images_cc33842b-6ba0-4926-8d45-628918261337.jpg?v=1785311290,telex_output/images/372_Samsung_45W_Power_Adapter_with_USB-C_to_USB-C_Cable__5A_1.8m__2_Pin.jpg
Samsung 65W Adapter 2 Pin Trio USB-C X 2 Ports USB-A Port,Samsung,"Rs.9,299.00","Rs.12,000.00",-23%,In Stock,https://telex.pk/products/samsung-65w-adapter-2-pin-trio-usb-c-x-2-ports-usb-a-port,https://cdn.shopify.com/s/files/1/0830/0897/9164/files/b-7.webp?v=1785312725,telex_output/images/373_Samsung_65W_Adapter_2_Pin_Trio_USB-C_X_2_Ports_USB-A_Port.webp
Samsung 45W Power Adapter with USB-C to USB-C Cable (5A/1.8m) 3 Pin,Samsung,"Rs.7,799.00","Rs.10,500.00",-26%,In Stock,https://telex.pk/products/samsung-45w-power-adapter-with-usb-c-to-usb-c-cable-5a-1-8m-3-pin,https://cdn.shopify.com/s/files/1/0830/0897/9164/files/images_100d2a75-f564-4889-8d8a-a79c8a2c32e7.jpg?v=1785312165,telex_output/images/374_Samsung_45W_Power_Adapter_with_USB-C_to_USB-C_Cable__5A_1.8m__3_Pin.jpg
Universal Waterproof Mobile Phone Dry Bag 6 Inch,Wholetraders,Rs.389.00,Rs.600.00,-35%,In Stock,https://telex.pk/products/universal-waterproof-mobile-phone-dry-bag-6-inch,https://cdn.shopify.com/s/files/1/0830/0897/9164/files/Untitleddesign-2026-08-04T170914.290.jpg?v=1785845468,telex_output/images/375_Universal_Waterproof_Mobile_Phone_Dry_Bag_6_Inch.jpg
Fast Charging Type C Data Cable,Other,Rs.99.00,Rs.450.00,-78%,In Stock,https://telex.pk/products/fast-charging-type-c-data-cable,https://cdn.shopify.com/s/files/1/0830/0897/9164/files/WhatsApp_Image_2026-08-05_at_10.43.49_AM.jpg?v=1785925391,telex_output/images/376_Fast_Charging_Type_C_Data_Cable.jpg
AKG Wired Handsfree Earphones,Other,Rs.149.00,Rs.350.00,-57%,In Stock,https://telex.pk/products/akg-wired-handsfree-earphones,https://cdn.shopify.com/s/files/1/0830/0897/9164/files/AKG-Handsfree-Earphones-High-Quality-Super-Deal-lowest-price-in-pakistan-shop-on-waoobazar-2.webp?v=1785926446,telex_output/images/377_AKG_Wired_Handsfree_Earphones.webp
SY-T24 USB Type-C Wired Handsfree Earphones,Other,Rs.299.00,Rs.600.00,-50%,In Stock,https://telex.pk/products/sy-t24-usb-type-c-wired-handsfree-earphones,https://cdn.shopify.com/s/files/1/0830/0897/9164/files/WhatsAppImage2026-08-05at10.45.14AM.jpg?v=1785927669,telex_output/images/378_SY-T24_USB_Type-C_Wired_Handsfree_Earphones.jpg
SY-T26 USB Type-C Wired Handsfree Earphones,Other,Rs.299.00,Rs.600.00,-50%,In Stock,https://telex.pk/products/sy-t26-usb-type-c-wired-handsfree-earphones,https://cdn.shopify.com/s/files/1/0830/0897/9164/files/WhatsAppImage2026-08-05at10.45.14AM_2ab3a8fc-a18b-424c-b9b4-5cb66f7c44fb.jpg?v=1785928412,telex_output/images/379_SY-T26_USB_Type-C_Wired_Handsfree_Earphones.jpg
SY-T25 USB Type-C Wired Handsfree Earphones,Other,Rs.299.00,Rs.600.00,-50%,In Stock,https://telex.pk/products/sy-t25-usb-type-c-wired-handsfree-earphones,https://cdn.shopify.com/s/files/1/0830/0897/9164/files/WhatsAppImage2026-08-05at10.45.14AM_6ad4247a-38a4-46c3-a012-38df459bd48c.jpg?v=1785928837,telex_output/images/380_SY-T25_USB_Type-C_Wired_Handsfree_Earphones.jpg
Remax RC-137a 65W Chaining Series Fast Charging Data Cable,Other,Rs.149.00,Rs.250.00,-40%,In Stock,https://telex.pk/products/remax-rc-137a-65w-chaining-series-fast-charging-data-cable,https://cdn.shopify.com/s/files/1/0830/0897/9164/files/a19e254c-3dee-45b5-b8b4-d3b8f2deb417.jpg?v=1785929760,telex_output/images/381_Remax_RC-137a_65W_Chaining_Series_Fast_Charging_Data_Cable.jpg
GS-05 2-in-1 Wired In-Ear Earphones with Microphone,Other,Rs.149.00,Rs.300.00,-50%,In Stock,https://telex.pk/products/gs-05-2-in-1-wired-in-ear-earphones-with-microphone,https://cdn.shopify.com/s/files/1/0830/0897/9164/files/043ff0a6-2c8c-4c7a-ba53-b19963580f20.jpg?v=1785930091,telex_output/images/382_GS-05_2-in-1_Wired_In-Ear_Earphones_with_Microphone.jpg
Universal U15 2-in-1 Wired In-Ear Earphones with Microphone,Other,Rs.149.00,Rs.300.00,-50%,In Stock,https://telex.pk/products/universal-u15-2-in-1-wired-in-ear-earphones-with-microphone,https://cdn.shopify.com/s/files/1/0830/0897/9164/files/9c712f07-4063-4e19-b8b1-73ff73e79ed7.jpg?v=1785930720,telex_output/images/383_Universal_U15_2-in-1_Wired_In-Ear_Earphones_with_Microphone.jpg
PUBG Gaming Finger Sleeves – 1 Pair,Other,Rs.49.00,Rs.100.00,-51%,In Stock,https://telex.pk/products/pubg-gaming-finger-sleeves-1-pair,https://cdn.shopify.com/s/files/1/0830/0897/9164/files/3179d65118a02d3bbe43ccd8382a45c4.jpg?v=1785930837,telex_output/images/384_PUBG_Gaming_Finger_Sleeves___1_Pair.jpg
M-Tech Wired Handsfree Earphones with Microphone (3.5mm),Other,Rs.179.00,Rs.300.00,-40%,In Stock,https://telex.pk/products/m-tech-wired-handsfree-earphones-with-microphone-3-5mm,https://cdn.shopify.com/s/files/1/0830/0897/9164/files/6e42048e-1684-41c0-92e4-a5ac73d1d0f2.jpg?v=1785931492,telex_output/images/385_M-Tech_Wired_Handsfree_Earphones_with_Microphone__3.5mm_.jpg
Mobile Phone Dustproof Speaker Mesh Stickers 10 Pcs,Wholetraders,Rs.489.00,Rs.700.00,-30%,In Stock,https://telex.pk/products/mobile-phone-dustproof-speaker-mesh-stickers-10-pcs,https://cdn.shopify.com/s/files/1/0830/0897/9164/files/Untitleddesign-2026-08-13T105343.992.jpg?v=1786600541,telex_output/images/386_Mobile_Phone_Dustproof_Speaker_Mesh_Stickers_10_Pcs.jpg
LRB-308 Auto Zop 65W Dual Port Car Charger,LRB,Rs.999.00,"Rs.1,188.00",-16%,In Stock,https://telex.pk/products/lrb-308,https://cdn.shopify.com/s/files/1/0830/0897/9164/files/308-min.png?v=1788514038,telex_output/images/387_LRB-308_Auto_Zop_65W_Dual_Port_Car_Charger.png
LRB-295 Boltza 2.4A Dual USB Car Charger,LRB,Rs.549.00,Rs.983.00,-44%,In Stock,https://telex.pk/products/lrb-295,https://cdn.shopify.com/s/files/1/0830/0897/9164/files/lrb-295png-min.png?v=1788513848,telex_output/images/388_LRB-295_Boltza_2.4A_Dual_USB_Car_Charger.png
LRB-309 Drivra 55W Car Charger,LRB,Rs.869.00,"Rs.1,542.00",-44%,In Stock,https://telex.pk/products/lrb-309,https://cdn.shopify.com/s/files/1/0830/0897/9164/files/lrb-309png-min.png?v=1787306594,telex_output/images/389_LRB-309_Drivra_55W_Car_Charger.png
LRB-307 Drift Charge 55W Car Charger,LRB,Rs.849.00,"Rs.1,080.00",-21%,In Stock,https://telex.pk/products/lrb-307,https://cdn.shopify.com/s/files/1/0830/0897/9164/files/lrb-307png-min.png?v=1787306595,telex_output/images/390_LRB-307_Drift_Charge_55W_Car_Charger.png
LRB-306 Drift Charge 55W Super Fast Car Charger,LRB,Rs.849.00,"Rs.1,580.00",-46%,In Stock,https://telex.pk/products/lrb-306,https://cdn.shopify.com/s/files/1/0830/0897/9164/files/lrb-306_png-min.png?v=1788513549,telex_output/images/391_LRB-306_Drift_Charge_55W_Super_Fast_Car_Charger.png
LRB-297 Trackwatt 55W Dual Port Super Fast Car Charger,LRB,Rs.959.00,"Rs.1,977.00",-51%,In Stock,https://telex.pk/products/lrb-297,https://cdn.shopify.com/s/files/1/0830/0897/9164/files/lrb-297_png-min.png?v=1788513428,telex_output/images/392_LRB-297_Trackwatt_55W_Dual_Port_Super_Fast_Car_Charger.png
LRB-296 Voltzen Mini Dual USB Car Charger,LRB,Rs.549.00,Rs.983.00,-44%,In Stock,https://telex.pk/products/lrb-296,https://cdn.shopify.com/s/files/1/0830/0897/9164/files/lrb-296_png-min.png?v=1787306599,telex_output/images/393_LRB-296_Voltzen_Mini_Dual_USB_Car_Charger.png
LRB-196 Dual Port Car Charger,LRB,"Rs.1,149.00","Rs.2,000.00",-43%,In Stock,https://telex.pk/products/lrb-196-carcharger,https://cdn.shopify.com/s/files/1/0830/0897/9164/files/196-min.png?v=1787306600,telex_output/images/394_LRB-196_Dual_Port_Car_Charger.png
LRB-273 Buzzer Pro True Wireless Earbuds,LRB,"Rs.3,749.00","Rs.5,000.00",-25%,In Stock,https://telex.pk/products/lrb-001-wireless-earbuds,https://cdn.shopify.com/s/files/1/0830/0897/9164/files/lrb-earbuds-removebg-preview.webp?v=1787811331,telex_output/images/395_LRB-273_Buzzer_Pro_True_Wireless_Earbuds.webp
LRB-321 Boom Sphere True Wireless Earbuds,LRB,"Rs.2,239.00","Rs.3,500.00",-36%,In Stock,https://telex.pk/products/lrb-322,https://cdn.shopify.com/s/files/1/0830/0897/9164/files/lrb-321png-min.png?v=1787306603,telex_output/images/396_LRB-321_Boom_Sphere_True_Wireless_Earbuds.png
LRB-268 Battal Bass True Wireless Earbuds,LRB,"Rs.2,790.00","Rs.3,912.00",-29%,In Stock,https://telex.pk/products/lrb-269,https://cdn.shopify.com/s/files/1/0830/0897/9164/files/LRB-268-min.png?v=1787810602,telex_output/images/397_LRB-268_Battal_Bass_True_Wireless_Earbuds.png
LRB-274 Super Bass True Wireless Earbuds,LRB,"Rs.2,599.00","Rs.3,600.00",-28%,In Stock,https://telex.pk/products/lrb-274,https://cdn.shopify.com/s/files/1/0830/0897/9164/files/lrb-274-min.png?v=1787810358,telex_output/images/398_LRB-274_Super_Bass_True_Wireless_Earbuds.png
LRB LEB-335 Fury Buds Wireless Earbuds,LRB,"Rs.4,539.00","Rs.7,499.00",-39%,In Stock,https://telex.pk/products/leb-335-fury-buds-anc-enc-dynamic-rgb-lighting,https://cdn.shopify.com/s/files/1/0830/0897/9164/files/LEB-335-PNG-web-01.webp?v=1788508467,telex_output/images/399_LRB_LEB-335_Fury_Buds_Wireless_Earbuds.webp
LEB-325 StromPods Wireless Gaming Earbuds,LRB,"Rs.5,479.00","Rs.8,000.00",-32%,In Stock,https://telex.pk/products/leb-325-strompods-gaming-earbuds-anc-enc,https://cdn.shopify.com/s/files/1/0830/0897/9164/files/LRB-330-EARBUDS-PNG-wep-01.png?v=1788508222,telex_output/images/400_LEB-325_StromPods_Wireless_Gaming_Earbuds.png
LRB-311 Bass Nest True Wireless Earbuds,LRB,"Rs.4,169.00","Rs.5,568.00",-25%,In Stock,https://telex.pk/products/lrb-311,https://cdn.shopify.com/s/files/1/0830/0897/9164/files/311orange-min_6c906182-5778-4afd-a6d5-c7fe41c80da1.png?v=1787808934,telex_output/images/401_LRB-311_Bass_Nest_True_Wireless_Earbuds.png
LRB-322 HaloBass Wired Lightning Handsfree,LRB,"Rs.1,329.00","Rs.2,150.00",-38%,In Stock,https://telex.pk/products/lrb-323,https://cdn.shopify.com/s/files/1/0830/0897/9164/files/lrb-322PNG.png?v=1787808584,telex_output/images/402_LRB-322_HaloBass_Wired_Lightning_Handsfree.png
LRB-281 Wired Handsfree Earphones with Mic,LRB,Rs.410.00,Rs.740.00,-45%,In Stock,https://telex.pk/products/lrb-281,https://cdn.shopify.com/s/files/1/0830/0897/9164/files/lrb-281PNG-min.png?v=1787808201,telex_output/images/403_LRB-281_Wired_Handsfree_Earphones_with_Mic.png
LRB-280 Wired Handsfree Earphones with Mic,LRB,Rs.410.00,Rs.690.00,-41%,In Stock,https://telex.pk/products/lrb-280,https://cdn.shopify.com/s/files/1/0830/0897/9164/files/280champ-min.png?v=1787807946,telex_output/images/404_LRB-280_Wired_Handsfree_Earphones_with_Mic.png
LRB-275 Wired Handsfree Earphones with Mic,LRB,Rs.389.00,Rs.600.00,-35%,In Stock,https://telex.pk/products/lrb-275,https://cdn.shopify.com/s/files/1/0830/0897/9164/files/lrb-275png-min.png?v=1787807602,telex_output/images/405_LRB-275_Wired_Handsfree_Earphones_with_Mic.png
LRB-279 Wired Handsfree Earphones with Mic,LRB,Rs.719.00,"Rs.1,000.00",-28%,In Stock,https://telex.pk/products/lrb-279,https://cdn.shopify.com/s/files/1/0830/0897/9164/files/lrb-279typpecPNG-min.png?v=1787807375,telex_output/images/406_LRB-279_Wired_Handsfree_Earphones_with_Mic.png
LRB-237 Wired Handsfree Earphones with Mic,LRB,Rs.399.00,Rs.600.00,-34%,In Stock,https://telex.pk/products/lrb-237,https://cdn.shopify.com/s/files/1/0830/0897/9164/files/LRB-237-PNG-min.png?v=1787647914,telex_output/images/407_LRB-237_Wired_Handsfree_Earphones_with_Mic.png
LRB-267 Wired Handsfree Earphones with Mic,LRB,"Rs.1,049.00","Rs.1,525.00",-31%,In Stock,https://telex.pk/products/lrb-268,https://cdn.shopify.com/s/files/1/0830/0897/9164/files/LRB-267-PNG-min.png?v=1787806870,telex_output/images/408_LRB-267_Wired_Handsfree_Earphones_with_Mic.png
LRB-266 Wired Handsfree Earphones with Mic,LRB,Rs.839.00,"Rs.1,300.00",-35%,In Stock,https://telex.pk/products/lrb-267,https://cdn.shopify.com/s/files/1/0830/0897/9164/files/LRB-267-PNG.jpg?v=1787806544,telex_output/images/409_LRB-266_Wired_Handsfree_Earphones_with_Mic.jpg
LRB-233 Wired Handsfree Earphones with Mic,LRB,Rs.629.00,Rs.950.00,-34%,In Stock,https://telex.pk/products/lrb-233-handfree,https://cdn.shopify.com/s/files/1/0830/0897/9164/files/LRB-233-png-min_1a753825-79e4-4868-96de-9e635ea11a5a.png?v=1787647711,telex_output/images/410_LRB-233_Wired_Handsfree_Earphones_with_Mic.png
LRB-232 Wired Handsfree Earphones with Mic,LRB,Rs.629.00,Rs.975.00,-35%,In Stock,https://telex.pk/products/lrb-232-handfree,https://cdn.shopify.com/s/files/1/0830/0897/9164/files/LRB-232-png-min.png?v=1787647594,telex_output/images/411_LRB-232_Wired_Handsfree_Earphones_with_Mic.png
LRB-230 Wired Handsfree Earphones with Mic,LRB,Rs.399.00,Rs.600.00,-34%,In Stock,https://telex.pk/products/lrb-230-handfree,https://cdn.shopify.com/s/files/1/0830/0897/9164/files/LRB-230-PNG-min_ee42af60-4234-4bb6-bcf0-72f49da93d01.png?v=1787647450,telex_output/images/412_LRB-230_Wired_Handsfree_Earphones_with_Mic.png
LRB-229 Wired Handsfree Earphones with Mic,LRB,Rs.399.00,Rs.600.00,-34%,In Stock,https://telex.pk/products/lrb-229-handfree,https://cdn.shopify.com/s/files/1/0830/0897/9164/files/LRB-229-PNG-min.png?v=1787306625,telex_output/images/413_LRB-229_Wired_Handsfree_Earphones_with_Mic.png
LRB-228 Wired Handsfree Earphones with Mic,LRB,Rs.399.00,Rs.600.00,-34%,In Stock,https://telex.pk/products/lrb-228-handsfree,https://cdn.shopify.com/s/files/1/0830/0897/9164/files/LRB-228-PNG-min.png?v=1787641447,telex_output/images/414_LRB-228_Wired_Handsfree_Earphones_with_Mic.png
LRB-313 25W Fast Charger with USB-C to Lightning Cable,LRB,"Rs.1,499.00","Rs.2,513.00",-40%,In Stock,https://telex.pk/products/lrb-313,https://cdn.shopify.com/s/files/1/0830/0897/9164/files/lrb-313adapterpng.png?v=1788505883,telex_output/images/415_LRB-313_25W_Fast_Charger_with_USB-C_to_Lightning_Cable.png
LRB-323 HubPro GaN 4-Port Fast Charger with Cable,LRB,"Rs.3,199.00","Rs.4,712.00",-32%,In Stock,https://telex.pk/products/lrb-323-hubpro-charger,https://cdn.shopify.com/s/files/1/0830/0897/9164/files/LRB-323.png?v=1787662612,telex_output/images/416_LRB-323_HubPro_GaN_4-Port_Fast_Charger_with_Cable.png
LRB-312 25W USB-C Fast Charger,LRB,Rs.810.00,"Rs.1,080.00",-25%,In Stock,https://telex.pk/products/lrb-314,https://cdn.shopify.com/s/files/1/0830/0897/9164/files/lrb-312png.png?v=1787662434,telex_output/images/417_LRB-312_25W_USB-C_Fast_Charger.png
LRB-311 45W USB-C Fast Charger,LRB,Rs.999.00,"Rs.1,338.00",-25%,In Stock,https://telex.pk/products/lrb-312,https://cdn.shopify.com/s/files/1/0830/0897/9164/files/lrb-311black.png?v=1787662155,telex_output/images/418_LRB-311_45W_USB-C_Fast_Charger.png
LRB-212 Dual-Port Charger With Built-In Type C Cable,LRB,Rs.989.00,,,In Stock,https://telex.pk/products/lrb-212-type-c,https://cdn.shopify.com/s/files/1/0830/0897/9164/files/lrb-210_str_wire_png-min_1.png?v=1788504954,telex_output/images/419_LRB-212_Dual-Port_Charger_With_Built-In_Type_C_Cable.png
LRB-212 Micro USB Charging Cable With Built-In Micro Cable,LRB,Rs.899.00,"Rs.1,057.00",-15%,In Stock,https://telex.pk/products/lrb-229,https://cdn.shopify.com/s/files/1/0830/0897/9164/files/lrb-212_str_wire_png-min_93c1681e-6d2a-4d26-9c93-75854ad3cbfe.png?v=1787306633,telex_output/images/420_LRB-212_Micro_USB_Charging_Cable_With_Built-In_Micro_Cable.png
LRB-291 Micro USB 3.1A Fast Charger,LRB,Rs.919.00,"Rs.1,550.00",-41%,In Stock,https://telex.pk/products/lrb-291-micro,https://cdn.shopify.com/s/files/1/0830/0897/9164/files/LRB-291whitemicro-min.png?v=1787551791,telex_output/images/421_LRB-291_Micro_USB_3.1A_Fast_Charger.png
LRB-294 Dual Port 25W Quick Charger With C to C  Cable,LRB,"Rs.1,469.00","Rs.2,200.00",-33%,In Stock,https://telex.pk/products/lrb-294,https://cdn.shopify.com/s/files/1/0830/0897/9164/files/LRB-294-min.png?v=1787551612,telex_output/images/422_LRB-294_Dual_Port_25W_Quick_Charger_With_C_to_C__Cable.png
LRB-293 Type-C 20W Quick Charger With Type C Cable,LRB,"Rs.1,259.00","Rs.1,800.00",-30%,In Stock,https://telex.pk/products/lrb-293,https://cdn.shopify.com/s/files/1/0830/0897/9164/files/LRB-293-min.png?v=1787549848,telex_output/images/423_LRB-293_Type-C_20W_Quick_Charger_With_Type_C_Cable.png
LRB-292 Type-C 3.1A Quick Charger With Type C Cable,LRB,"Rs.1,069.00","Rs.1,800.00",-41%,In Stock,https://telex.pk/products/lrb-292,https://cdn.shopify.com/s/files/1/0830/0897/9164/files/LRB-292-min.png?v=1787549631,telex_output/images/424_LRB-292_Type-C_3.1A_Quick_Charger_With_Type_C_Cable.png
LRB-291 PowerBoom Dual USB 2.4A Type-C Charger,LRB,Rs.999.00,,,In Stock,https://telex.pk/products/lrb-291,https://cdn.shopify.com/s/files/1/0830/0897/9164/files/LRB-291_yellow_tc_1_-min.png?v=1787549440,telex_output/images/425_LRB-291_PowerBoom_Dual_USB_2.4A_Type-C_Charger.png
LRB-265 Single USB 25W Fast Charger,LRB,"Rs.1,989.00","Rs.2,860.00",-30%,In Stock,https://telex.pk/products/lrb-266,https://cdn.shopify.com/s/files/1/0830/0897/9164/files/LRB-265-min.png?v=1787548669,telex_output/images/426_LRB-265_Single_USB_25W_Fast_Charger.png
LRB-140 Dual USB 2.4A Smart Charger,LRB,Rs.939.00,Rs.945.00,-1%,In Stock,https://telex.pk/products/lrb-140,https://cdn.shopify.com/s/files/1/0830/0897/9164/files/lrb-140strwitrepng-min.png?v=1787548403,telex_output/images/427_LRB-140_Dual_USB_2.4A_Smart_Charger.png
LRB-130 Single USB 2.4A Fast Charger,LRB,Rs.879.00,"Rs.1,445.00",-39%,In Stock,https://telex.pk/products/lrb-130,https://cdn.shopify.com/s/files/1/0830/0897/9164/files/lrb-130png-min.png?v=1787500661,telex_output/images/428_LRB-130_Single_USB_2.4A_Fast_Charger.png
LRB-95 Triple USB 2.4A Smart ChargerWith Built Cable,LRB,Rs.829.00,"Rs.1,488.00",-44%,In Stock,https://telex.pk/products/lrb-95,https://cdn.shopify.com/s/files/1/0830/0897/9164/files/lrb-95-min.png?v=1787500537,telex_output/images/429_LRB-95_Triple_USB_2.4A_Smart_ChargerWith_Built_Cable.png
LRB-255 Dual USB 4.5A Fast Charger With Built-In Type-C Cable,LRB,Rs.799.00,"Rs.1,200.00",-33%,In Stock,https://telex.pk/products/lrb-255,https://cdn.shopify.com/s/files/1/0830/0897/9164/files/lrb-255typecstrpng-min.png?v=1787381872,telex_output/images/430_LRB-255_Dual_USB_4.5A_Fast_Charger_With_Built-In_Type-C_Cable.png
LRB-256 Dual USB Fast Charger with Built-In Type-C Cable,LRB,Rs.749.00,"Rs.1,200.00",-38%,In Stock,https://telex.pk/products/lrb-261,https://cdn.shopify.com/s/files/1/0830/0897/9164/files/LRB-256WhitePNG-min_7510a0e1-0810-4d7d-b9c6-1ea1a25cf4d8.png?v=1787500221,telex_output/images/431_LRB-256_Dual_USB_Fast_Charger_with_Built-In_Type-C_Cable.png
LRB-175 Triple Port 45W GaN Super Fast Charger,LRB,"Rs.2,019.00","Rs.3,700.00",-45%,In Stock,https://telex.pk/products/lrb-176,https://cdn.shopify.com/s/files/1/0830/0897/9164/files/Lrb-175WhitePNG-min_ed5cf55b-8f73-4ada-84b7-71619e7c675c.png?v=1787499912,telex_output/images/432_LRB-175_Triple_Port_45W_GaN_Super_Fast_Charger.png
LRB-221 Dual USB 3.1A Fast Charger With Built-In Cable,LRB,Rs.759.00,"Rs.1,212.00",-37%,In Stock,https://telex.pk/products/lrb-221,https://cdn.shopify.com/s/files/1/0830/0897/9164/files/lrb-221png-min_0bf8f90d-dd73-4103-9d54-75cd012ab7c3.png?v=1787499769,telex_output/images/433_LRB-221_Dual_USB_3.1A_Fast_Charger_With_Built-In_Cable.png
LRB-220 Dual USB 3.1A Fast Charger With Built-In Cable,LRB,Rs.879.00,"Rs.1,345.00",-35%,In Stock,https://telex.pk/products/lrb-220,https://cdn.shopify.com/s/files/1/0830/0897/9164/files/lrb-220strwirepng-min.png?v=1787383299,telex_output/images/434_LRB-220_Dual_USB_3.1A_Fast_Charger_With_Built-In_Cable.png
LRB-219 4.5A Dual USB Fast Charger With Built-In Type-C Cable,LRB,Rs.939.00,"Rs.1,612.00",-42%,In Stock,https://telex.pk/products/lrb-219,https://cdn.shopify.com/s/files/1/0830/0897/9164/files/lrb-219png-min_a92a74dd-5a32-4070-abe7-2edf2384096f.png?v=1787306653,telex_output/images/435_LRB-219_4.5A_Dual_USB_Fast_Charger_With_Built-In_Type-C_Cable.png
LRB-218 3.1A Dual USB Smart Fast Charger With Built-In Cable,LRB,Rs.879.00,"Rs.1,545.00",-43%,In Stock,https://telex.pk/products/lrb-218,https://cdn.shopify.com/s/files/1/0830/0897/9164/files/lrb-218strwirepng-min.png?v=1787382948,telex_output/images/436_LRB-218_3.1A_Dual_USB_Smart_Fast_Charger_With_Built-In_Cable.png
LRB-215 3.1A Dual USB Smart Fast Charger With Built-In Cable,LRB,Rs.949.00,"Rs.1,512.00",-37%,In Stock,https://telex.pk/products/lrb-215,https://cdn.shopify.com/s/files/1/0830/0897/9164/files/LRB-215WhitePNG-min_f56b2db3-179e-42ee-8276-5829ba7a02cc.png?v=1787382823,telex_output/images/437_LRB-215_3.1A_Dual_USB_Smart_Fast_Charger_With_Built-In_Cable.png
LRB-214 3.1A Dual USB Smart Fast Charger With Built-In Cable,LRB,Rs.879.00,"Rs.1,250.00",-30%,In Stock,https://telex.pk/products/lrb-214,https://cdn.shopify.com/s/files/1/0830/0897/9164/files/lrb-214_str_wire_png_-min.png?v=1787382648,telex_output/images/438_LRB-214_3.1A_Dual_USB_Smart_Fast_Charger_With_Built-In_Cable.png
LRB-217 3.1A Dual USB Smart Fast Charger With Built-In Cable,LRB,Rs.949.00,"Rs.1,600.00",-41%,In Stock,https://telex.pk/products/lrb-217,https://cdn.shopify.com/s/files/1/0830/0897/9164/files/lrb217png-min.png?v=1788502019,telex_output/images/439_LRB-217_3.1A_Dual_USB_Smart_Fast_Charger_With_Built-In_Cable.png
LRB-216 3.1A Fast Charger With Built-In Micro USB Cable,LRB,Rs.759.00,"Rs.1,512.00",-50%,In Stock,https://telex.pk/products/lrb-216,https://cdn.shopify.com/s/files/1/0830/0897/9164/files/lrb-216_str_wire_png_-min.png?v=1787382195,telex_output/images/440_LRB-216_3.1A_Fast_Charger_With_Built-In_Micro_USB_Cable.png
LRB-142 FlashPlug 3.1A Dual USB Fast Charger With Built In charging Cable,LRB,Rs.949.00,"Rs.1,512.00",-37%,In Stock,https://telex.pk/products/lrb-106,https://cdn.shopify.com/s/files/1/0830/0897/9164/files/lrb106Type-CWHITEPNG-min.png?v=1787306660,telex_output/images/441_LRB-142_FlashPlug_3.1A_Dual_USB_Fast_Charger_With_Built_In_charging_Cable.png
LRB-282 Type-C 80W Fast Charging Data Cable,LRB,Rs.449.00,Rs.750.00,-40%,In Stock,https://telex.pk/products/lrb-282-type-c-1,https://cdn.shopify.com/s/files/1/0830/0897/9164/files/282t-cpng-min.png?v=1787306661,telex_output/images/442_LRB-282_Type-C_80W_Fast_Charging_Data_Cable.png
LRB-282 Micro USB 80W Fast Charging Data Cable,LRB,Rs.399.00,Rs.750.00,-47%,In Stock,https://telex.pk/products/lrb-282-micro-1,https://cdn.shopify.com/s/files/1/0830/0897/9164/files/282micro-min.png?v=1787306663,telex_output/images/443_LRB-282_Micro_USB_80W_Fast_Charging_Data_Cable.png
LRB-179 Type-C 80W Fast Charging Data Cable,LRB,Rs.229.00,Rs.495.00,-54%,In Stock,https://telex.pk/products/lrb-179-type-c,https://cdn.shopify.com/s/files/1/0830/0897/9164/files/179-tcpng-min.png?v=1787306664,telex_output/images/444_LRB-179_Type-C_80W_Fast_Charging_Data_Cable.png
LRB-274 Type-C 2.4A Fast Charging Data Cable,LRB,Rs.219.00,Rs.392.00,-44%,In Stock,https://telex.pk/products/lrb-276,https://cdn.shopify.com/s/files/1/0830/0897/9164/files/lrb-274t-cpng-min_d65d2220-6e8b-46cb-9dce-7f18f8828ef8.png?v=1787306665,telex_output/images/445_LRB-274_Type-C_2.4A_Fast_Charging_Data_Cable.png
LRB-274 Micro USB 2.4A Fast Charging Data Cable,LRB,Rs.199.00,Rs.470.00,-58%,In Stock,https://telex.pk/products/lrb-274-micro,https://cdn.shopify.com/s/files/1/0830/0897/9164/files/lrb-274micropng-min.png?v=1788501076,telex_output/images/446_LRB-274_Micro_USB_2.4A_Fast_Charging_Data_Cable.png
LRB-178 Micro USB 2.1A Fast Charging Data Cable,LRB,Rs.219.00,Rs.292.00,-25%,In Stock,https://telex.pk/products/lrb-178-micro,https://cdn.shopify.com/s/files/1/0830/0897/9164/files/178-micropng-min.png?v=1787306668,telex_output/images/447_LRB-178_Micro_USB_2.1A_Fast_Charging_Data_Cable.png
LRB-200 Lightning 2.4A Fast Charging Data Cable,LRB,Rs.349.00,Rs.650.00,-46%,In Stock,https://telex.pk/products/lrb-200,https://cdn.shopify.com/s/files/1/0830/0897/9164/files/200-IOSpngD-min.png?v=1787316212,telex_output/images/448_LRB-200_Lightning_2.4A_Fast_Charging_Data_Cable.png
LRB-299 Type-C 60W Fast Charging Cable,LRB,Rs.499.00,Rs.800.00,-38%,In Stock,https://telex.pk/products/lrb-299-c-to-c,https://cdn.shopify.com/s/files/1/0830/0897/9164/files/1eda833e0f2cc67ed8ff550cd37be40-min.webp?v=1788500473,telex_output/images/449_LRB-299_Type-C_60W_Fast_Charging_Cable.webp
LRB-299 C to C 60W Fast Charging Data Cable,LRB,Rs.559.00,Rs.860.00,-35%,In Stock,https://telex.pk/products/lrb-299-type-c,https://cdn.shopify.com/s/files/1/0830/0897/9164/files/efe421c9aa38debbfa2c3bfb510caeb-min_85432987-3163-4950-9196-a42e2dea8c82.webp?v=1788500209,telex_output/images/450_LRB-299_C_to_C_60W_Fast_Charging_Data_Cable.webp
LRB-299 Micro USB 60W Fast Charging Data Cable,LRB,Rs.449.00,Rs.850.00,-47%,In Stock,https://telex.pk/products/lrb-299-micro,https://cdn.shopify.com/s/files/1/0830/0897/9164/files/LRB-299MICRO-min.png?v=1787315143,telex_output/images/451_LRB-299_Micro_USB_60W_Fast_Charging_Data_Cable.png
LRB-300 C to C 100W Fast Charging Data Cable,LRB,Rs.549.00,Rs.850.00,-35%,In Stock,https://telex.pk/products/lrb-300-c-to-c,https://cdn.shopify.com/s/files/1/0830/0897/9164/files/LRB-300CTOC-min.png?v=1787314928,telex_output/images/452_LRB-300_C_to_C_100W_Fast_Charging_Data_Cable.png
LRB-300 Type-C 100W Fast Charging Data Cable,LRB,Rs.449.00,Rs.700.00,-36%,In Stock,https://telex.pk/products/lrb-300-type-c,https://cdn.shopify.com/s/files/1/0830/0897/9164/files/LRB-300type-c-min.png?v=1787314776,telex_output/images/453_LRB-300_Type-C_100W_Fast_Charging_Data_Cable.png
LRB-300 3-in-1 100W Fast Charging Data Cable,LRB,Rs.739.00,"Rs.1,200.00",-38%,In Stock,https://telex.pk/products/lrb-300,https://cdn.shopify.com/s/files/1/0830/0897/9164/files/lrb-300-min.png?v=1787314652,telex_output/images/454_LRB-300_3-in-1_100W_Fast_Charging_Data_Cable.png
LRB-301 3-in-1 Keychain 60W Fast Charging Data Cable,LRB,Rs.529.00,Rs.850.00,-38%,In Stock,https://telex.pk/products/lrb-301,https://cdn.shopify.com/s/files/1/0830/0897/9164/files/LRB-301-min.png?v=1787314087,telex_output/images/455_LRB-301_3-in-1_Keychain_60W_Fast_Charging_Data_Cable.png
LRB-183 3-in-1 80W Fast Charging Data Cable,LRB,Rs.459.00,Rs.618.00,-26%,In Stock,https://telex.pk/products/lrb-183-3-in-1,https://cdn.shopify.com/s/files/1/0830/0897/9164/files/lrb-1833in1-min.png?v=1787313922,telex_output/images/456_LRB-183_3-in-1_80W_Fast_Charging_Data_Cable.png
LRB-320 Micro USB Data Cable 2.4A Fast Charging,LRB,Rs.399.00,Rs.750.00,-47%,In Stock,https://telex.pk/products/lrb-320,https://cdn.shopify.com/s/files/1/0830/0897/9164/files/lrb-320-min.png?v=1787313337,telex_output/images/457_LRB-320_Micro_USB_Data_Cable_2.4A_Fast_Charging.png
LRB-184 Type-C Data Cable 3.1A Fast Charging,LRB,Rs.310.00,Rs.337.00,-8%,In Stock,https://telex.pk/products/lrb-186,https://cdn.shopify.com/s/files/1/0830/0897/9164/files/lrb-184tcpng-min.png?v=1787313240,telex_output/images/458_LRB-184_Type-C_Data_Cable_3.1A_Fast_Charging.png
LRB-247 65W Type-C to Type-C Data Cable,LRB,Rs.399.00,Rs.527.00,-24%,In Stock,https://telex.pk/products/lrb-247,https://cdn.shopify.com/s/files/1/0830/0897/9164/files/lrb-247typecpng-min.png?v=1787812143,telex_output/images/459_LRB-247_65W_Type-C_to_Type-C_Data_Cable.png
LRB-240 Type-C to Type-C Data Cable,LRB,Rs.569.00,"Rs.1,000.00",-43%,In Stock,https://telex.pk/products/lrb-240,https://cdn.shopify.com/s/files/1/0830/0897/9164/files/lrb-240ctocnewpng2.png?v=1787306686,telex_output/images/460_LRB-240_Type-C_to_Type-C_Data_Cable.png
LRB-195 Lightning Data Cable 4.5A Fast Charging,LRB,Rs.279.00,Rs.482.00,-42%,In Stock,https://telex.pk/products/lrb-195-cable,https://cdn.shopify.com/s/files/1/0830/0897/9164/files/lrb-195lightinigpng-min_39e7d30f-5f03-4cc8-9c17-49ef0c64fbf9.png?v=1787313100,telex_output/images/461_LRB-195_Lightning_Data_Cable_4.5A_Fast_Charging.png
LRB-183 Micro USB Data Cable High-Speed Charging & Data Transfer,LRB,Rs.289.00,Rs.450.00,-36%,In Stock,https://telex.pk/products/lrb-183,https://cdn.shopify.com/s/files/1/0830/0897/9164/files/LRB-183NEW-min_1.png?v=1787312909,telex_output/images/462_LRB-183_Micro_USB_Data_Cable_High-Speed_Charging___Data_Transfer.png
LRB LCC-350PD Power Snap 30W PD Fast Charger,LRB,Rs.859.00,"Rs.1,599.00",-46%,In Stock,https://telex.pk/products/lcc-350pd-power-snap-30w-pd-fast-charging,https://cdn.shopify.com/s/files/1/0830/0897/9164/files/LCC-350pd_web_01.png?v=1787312203,telex_output/images/463_LRB_LCC-350PD_Power_Snap_30W_PD_Fast_Charger.png
LRB LCC-345 Rapid Clip 3A Fast Charger,LRB,Rs.759.00,"Rs.1,200.00",-37%,In Stock,https://telex.pk/products/lcc-345-rapid-clip-fast-charger,https://cdn.shopify.com/s/files/1/0830/0897/9164/files/LCC-345-web_001.png?v=1787312347,telex_output/images/464_LRB_LCC-345_Rapid_Clip_3A_Fast_Charger.png
LRB LCC-340PD Turbo Clip 30W PD Fast Charger,LRB,Rs.899.00,"Rs.1,500.00",-40%,In Stock,https://telex.pk/products/lcc-340pd-turbo-clip-30w-fast-charging,https://cdn.shopify.com/s/files/1/0830/0897/9164/files/LCC-340-PSD-web.png?v=1787311583,telex_output/images/465_LRB_LCC-340PD_Turbo_Clip_30W_PD_Fast_Charger.png
LRB LCC-135 Fast Clip Charger 2.4A Fast Charging,LRB,Rs.679.00,"Rs.1,100.00",-38%,In Stock,https://telex.pk/products/lcc-135-fast-clip-charger-2-4a-fast-charging,https://cdn.shopify.com/s/files/1/0830/0897/9164/files/LCC-135_web_01.png?v=1787306696,telex_output/images/466_LRB_LCC-135_Fast_Clip_Charger_2.4A_Fast_Charging.png
LRB LCC-125 2.4A Fast Clip Charger,LRB,Rs.399.00,Rs.750.00,-47%,In Stock,https://telex.pk/products/lcc-125-fast-clip-charger-2-4a-fast-charging,https://cdn.shopify.com/s/files/1/0830/0897/9164/files/LCC-125web_01.png?v=1787306697,telex_output/images/467_LRB_LCC-125_2.4A_Fast_Clip_Charger.png
LRB LCC-11 Fast USB DC Charger 3 USB Ports Micro & Type-C,LRB,Rs.519.00,Rs.950.00,-45%,In Stock,https://telex.pk/products/lcc-11-fast-usb-dc-charger-3-usb-ports-micro-type-c-alligator-clip-charger,https://cdn.shopify.com/s/files/1/0830/0897/9164/files/LCC-11_web_png.png?v=1787311478,telex_output/images/468_LRB_LCC-11_Fast_USB_DC_Charger_3_USB_Ports_Micro___Type-C.png
LRB-262 22.5W Fast Charging Power Bank,LRB,"Rs.3,879.00","Rs.5,175.00",-25%,In Stock,https://telex.pk/products/lrb-263,https://cdn.shopify.com/s/files/1/0830/0897/9164/files/LRB-262-BLACK-PNG-min.png?v=1787310922,telex_output/images/469_LRB-262_22.5W_Fast_Charging_Power_Bank.png
LRB-288 10000mAh 22.5W Fast Charging Power Bank,LRB,"Rs.2,269.00","Rs.3,637.00",-38%,Out of Stock,https://telex.pk/products/lrb-288,https://cdn.shopify.com/s/files/1/0830/0897/9164/files/LRB-288-min.png?v=1787310770,telex_output/images/470_LRB-288_10000mAh_22.5W_Fast_Charging_Power_Bank.png
LPB-710PD 10000mAh 22.5W Fast Charging Power Bank,LRB,"Rs.4,199.00","Rs.6,000.00",-30%,In Stock,https://telex.pk/products/lrb-lpb-710pd-power-bank-10000mah,https://cdn.shopify.com/s/files/1/0830/0897/9164/files/POWER_BANK_WEB_LPB-710PD.png?v=1787310409,telex_output/images/471_LPB-710PD_10000mAh_22.5W_Fast_Charging_Power_Bank.png
LPB-720PD 20000mAh 22.5W Fast Charging Power Bank With Built-In Cables,LRB,"Rs.6,299.00","Rs.9,000.00",-30%,In Stock,https://telex.pk/products/lpb-720pd-power-bank-20000mah,https://cdn.shopify.com/s/files/1/0830/0897/9164/files/POWER_BANK_WEB_LPB-720PD.png?v=1787310235,telex_output/images/472_LPB-720PD_20000mAh_22.5W_Fast_Charging_Power_Bank_With_Built-In_Cables.png
LPB-730PD 30000mAh 22.5W Fast Charging Power Bank With Built-In Cables,LRB,"Rs.7,869.00","Rs.11,250.00",-30%,In Stock,https://telex.pk/products/lpb-730pd-powerbank,https://cdn.shopify.com/s/files/1/0830/0897/9164/files/LPB-730PD_22.5WSUPERFASTCHARGEPOWERBANKBESTINPAKISTANPOWERBANK_WEB.png?v=1787309859,telex_output/images/473_LPB-730PD_30000mAh_22.5W_Fast_Charging_Power_Bank_With_Built-In_Cables.png
LRB-289 QuantumVolt 20000mAh 22.5W Fast Charging Power Bank,LRB,"Rs.5,899.00","Rs.7,875.00",-25%,In Stock,https://telex.pk/products/lrb-289,https://cdn.shopify.com/s/files/1/0830/0897/9164/files/LRB-289PNG.png?v=1787309568,telex_output/images/474_LRB-289_QuantumVolt_20000mAh_22.5W_Fast_Charging_Power_Bank.png
LRB-287 10000mAh 22.5W Power Bank,LRB,"Rs.4,469.00","Rs.5,962.00",-25%,In Stock,https://telex.pk/products/lrb-287,https://cdn.shopify.com/s/files/1/0830/0897/9164/files/LRB-287-min.png?v=1787306708,telex_output/images/475_LRB-287_10000mAh_22.5W_Power_Bank.png
LRB-285 Voltra 10000mAh 22.5W Fast Charging Power Bank,LRB,"Rs.2,019.00","Rs.3,700.00",-45%,In Stock,https://telex.pk/products/lrb-285,https://cdn.shopify.com/s/files/1/0830/0897/9164/files/lrb-285-min.png?v=1787309244,telex_output/images/476_LRB-285_Voltra_10000mAh_22.5W_Fast_Charging_Power_Bank.png
LRB-284 30000mAh 22.5W Fast Charging Power Bank Built-In Cables,LRB,"Rs.5,899.00","Rs.8,500.00",-31%,In Stock,https://telex.pk/products/lrb-284,https://cdn.shopify.com/s/files/1/0830/0897/9164/files/lrb-284-min.png?v=1787308532,telex_output/images/477_LRB-284_30000mAh_22.5W_Fast_Charging_Power_Bank_Built-In_Cables.png
LRB-620PD Power Bank 22.5 w,LRB,"Rs.5,399.00","Rs.7,200.00",-25%,In Stock,https://telex.pk/products/lrb-264,https://cdn.shopify.com/s/files/1/0830/0897/9164/files/263-min.png?v=1787308423,telex_output/images/478_LRB-620PD_Power_Bank_22.5_w.png
RONIN R-3515 Ocean Wireless Neckband,Phone House,"Rs.6,740.00","Rs.8,999.00",-25%,In Stock,https://telex.pk/products/ronin-r-3515-ocean-wireless-neckband-bluetooth-neckband-earphones-magnetic-earbuds-clear-sound-hands-free-calling-wireless-neckband,https://cdn.shopify.com/s/files/1/0830/0897/9164/files/s4kBCJqzKW.jpg?v=1789279778,telex_output/images/479_RONIN_R-3515_Ocean_Wireless_Neckband.jpg
Xiaomi Power Bank 10000mAh 22.5W Lite,Xiaomi,"Rs.4,699.00","Rs.7,000.00",-33%,In Stock,https://telex.pk/products/xiaomi-power-bank-10000mah-22-5w-lite,https://cdn.shopify.com/s/files/1/0830/0897/9164/files/ProductImages_0000s_0006_XiaomiPowerBank10000mAh22.5WLite.webp?v=1787655213,telex_output/images/480_Xiaomi_Power_Bank_10000mAh_22.5W_Lite.webp
Audionic Trance Airbud 810 True Wireless Earbuds with LCD Display & ANC,Audionic,"Rs.9,999.00","Rs.11,000.00",-9%,In Stock,https://telex.pk/products/audionic-trance-airbud-810-true-wireless-earbuds-with-lcd-display-anc,https://cdn.shopify.com/s/files/1/0830/0897/9164/files/Trance_Airbud_810_Black_1_30_11zon.webp?v=1787824015,telex_output/images/481_Audionic_Trance_Airbud_810_True_Wireless_Earbuds_with_LCD_Display___ANC.webp
Audionic Airbud 690 ION True Wireless Earbuds,Audionic,"Rs.3,499.00","Rs.5,000.00",-30%,In Stock,https://telex.pk/products/audionic-airbud-690-ion-true-wireless-earbuds,https://cdn.shopify.com/s/files/1/0830/0897/9164/files/2_new...webp?v=1787824784,telex_output/images/482_Audionic_Airbud_690_ION_True_Wireless_Earbuds.webp
Audionic Reboot 202 Power Bank 20000mAh 65W,Audionic,"Rs.6,999.00","Rs.10,000.00",-30%,In Stock,https://telex.pk/products/audionic-reboot-202-power-bank-20000mah-65w,https://cdn.shopify.com/s/files/1/0830/0897/9164/files/2_0d9269f7-b1af-470c-8e3c-4627d60caac2.webp?v=1787825947,telex_output/images/483_Audionic_Reboot_202_Power_Bank_20000mAh_65W.webp
OnePlus Nord Buds 3r True Wireless Earbuds,OnePlus,"Rs.11,499.00","Rs.16,700.00",-31%,In Stock,https://telex.pk/products/oneplus-nord-buds-3r-true-wireless-earbuds,https://cdn.shopify.com/s/files/1/0830/0897/9164/files/OnePlus-Nord-Buds-3r.webp?v=1788007524,telex_output/images/484_OnePlus_Nord_Buds_3r_True_Wireless_Earbuds.webp
Huawei FreeClip 2 Special Edition Wireless Earbuds,Huawei,"Rs.65,999.00","Rs.76,000.00",-13%,In Stock,https://telex.pk/products/huawei-freeclip-2-special-edition-wireless-earbuds,https://cdn.shopify.com/s/files/1/0830/0897/9164/files/HUAWEI-FreeClip-2-Special-Edition.webp?v=1788008192,telex_output/images/485_Huawei_FreeClip_2_Special_Edition_Wireless_Earbuds.webp
HOCO UPA22 Type-C to 3.5mm Silicone Audio Cable 1M,POWER ZONE,Rs.679.00,"Rs.1,200.00",-43%,In Stock,https://telex.pk/products/hoco-upa22-type-c-to-3-5mm-silicone-audio-cable-1m,https://cdn.shopify.com/s/files/1/0830/0897/9164/files/Fth4mnzgK6.webp?v=1788157870,telex_output/images/486_HOCO_UPA22_Type-C_to_3.5mm_Silicone_Audio_Cable_1M.webp
HOCO UPA22 Silicone 3.5mm to 3.5mm AUX Audio Cable 1M,POWER ZONE,Rs.679.00,Rs.800.00,-15%,In Stock,https://telex.pk/products/hoco-upa22-silicone-3-5mm-to-3-5mm-aux-audio-cable-1m,https://cdn.shopify.com/s/files/1/0830/0897/9164/files/HqbyMO81R0.webp?v=1788158681,telex_output/images/487_HOCO_UPA22_Silicone_3.5mm_to_3.5mm_AUX_Audio_Cable_1M.webp
HOCO UA42 Mini USB Bluetooth 5.4 Adapter For PC Laptop,POWER ZONE,"Rs.1,489.00","Rs.2,000.00",-26%,In Stock,https://telex.pk/products/hoco-ua42-mini-usb-bluetooth-5-4-adapter-for-pc-laptop,https://cdn.shopify.com/s/files/1/0830/0897/9164/files/Ez4LVbcMLu.webp?v=1788159070,telex_output/images/488_HOCO_UA42_Mini_USB_Bluetooth_5.4_Adapter_For_PC_Laptop.webp
HOCO UA17 USB Male to Type-C Female OTG Adapter 60W,POWER ZONE,Rs.679.00,"Rs.1,000.00",-32%,In Stock,https://telex.pk/products/hoco-ua17-usb-male-to-type-c-female-otg-adapter-60w,https://cdn.shopify.com/s/files/1/0830/0897/9164/files/gci9jWnFV8.jpg?v=1788159083,telex_output/images/489_HOCO_UA17_USB_Male_to_Type-C_Female_OTG_Adapter_60W.jpg
HOCO UA25 Type-C Card Reader SD TF Dual Slot 2TB,POWER ZONE,"Rs.1,419.00","Rs.2,500.00",-43%,In Stock,https://telex.pk/products/hoco-ua25-type-c-card-reader-sd-tf-dual-slot-2tb,https://cdn.shopify.com/s/files/1/0830/0897/9164/files/isrT6LzhPw.webp?v=1788159070,telex_output/images/490_HOCO_UA25_Type-C_Card_Reader_SD_TF_Dual_Slot_2TB.webp
HOCO CS55A 30W Dual Port Fast Wall Charger PD Type C QC3.0,POWER ZONE,"Rs.1,489.00","Rs.2,000.00",-26%,In Stock,https://telex.pk/products/hoco-cs55a-30w-dual-port-fast-wall-charger-pd-type-c-qc3-0,https://cdn.shopify.com/s/files/1/0830/0897/9164/files/UH2PB6yZA6.webp?v=1788159124,telex_output/images/491_HOCO_CS55A_30W_Dual_Port_Fast_Wall_Charger_PD_Type_C_QC3.0.webp
HOCO C109 Fighter Single Port 18W Fast Wall Charger,POWER ZONE,Rs.479.00,Rs.900.00,-47%,In Stock,https://telex.pk/products/hoco-c109-fighter-single-port-18w-fast-wall-charger,https://cdn.shopify.com/s/files/1/0830/0897/9164/files/hEuVq5FhEC.jpg?v=1788159129,telex_output/images/492_HOCO_C109_Fighter_Single_Port_18W_Fast_Wall_Charger.jpg
HOCO UA31C Type-C Male to USB Female OTG Adapter USB 3.0,POWER ZONE,Rs.409.00,Rs.850.00,-52%,In Stock,https://telex.pk/products/hoco-ua31c-type-c-male-to-usb-female-otg-adapter-usb-3-0,https://cdn.shopify.com/s/files/1/0830/0897/9164/files/4B6YyOMfuA.webp?v=1788159070,telex_output/images/493_HOCO_UA31C_Type-C_Male_to_USB_Female_OTG_Adapter_USB_3.0.webp
HOCO UA31D USB Male to Type-C Female USB 2.0 Adapter,POWER ZONE,Rs.409.00,Rs.800.00,-49%,In Stock,https://telex.pk/products/hoco-ua31d-usb-male-to-type-c-female-usb-2-0-adapter,https://cdn.shopify.com/s/files/1/0830/0897/9164/files/t2ZWiBMuzh.webp?v=1788438847,telex_output/images/494_HOCO_UA31D_USB_Male_to_Type-C_Female_USB_2.0_Adapter.webp
HOCO C126 Pure Power 40W 3 Port Fast Wall Charger 2C1A,POWER ZONE,"Rs.1,889.00","Rs.3,000.00",-37%,In Stock,https://telex.pk/products/hoco-c126-pure-power-40w-3-port-fast-wall-charger-2c1a,https://cdn.shopify.com/s/files/1/0830/0897/9164/files/LgEtsac0Z0.webp?v=1788159070,telex_output/images/495_HOCO_C126_Pure_Power_40W_3_Port_Fast_Wall_Charger_2C1A.webp
HOCO C152 Modern 70W 6 Port Desktop Fast Charging Station,POWER ZONE,"Rs.4,729.00","Rs.5,700.00",-17%,In Stock,https://telex.pk/products/hoco-c152-modern-70w-6-port-desktop-fast-charging-station,https://cdn.shopify.com/s/files/1/0830/0897/9164/files/zNTyO6o72Y.webp?v=1788159070,telex_output/images/496_HOCO_C152_Modern_70W_6_Port_Desktop_Fast_Charging_Station.webp
HOCO CQ3 Noble 3 in 1 Magnetic Wireless Fast Charger Foldable,POWER ZONE,"Rs.8,099.00","Rs.9,900.00",-18%,In Stock,https://telex.pk/products/hoco-cq3-noble-3-in-1-magnetic-wireless-fast-charger-foldable,https://cdn.shopify.com/s/files/1/0830/0897/9164/files/nWnp6jvmqP.webp?v=1788158999,telex_output/images/497_HOCO_CQ3_Noble_3_in_1_Magnetic_Wireless_Fast_Charger_Foldable.webp
HOCO L20A Fair Dual Wireless Lavalier Microphone Type-C & Lightning,POWER ZONE,"Rs.3,849.00","Rs.4,700.00",-18%,In Stock,https://telex.pk/products/hoco-l20a-fair-dual-wireless-lavalier-microphone-type-c-lightning,https://cdn.shopify.com/s/files/1/0830/0897/9164/files/7PAIbzZZlM.webp?v=1788164641,telex_output/images/498_HOCO_L20A_Fair_Dual_Wireless_Lavalier_Microphone_Type-C___Lightning.webp
HOCO HC1 Trendy Sound 5W IPX5 Portable Bluetooth Speaker,POWER ZONE,"Rs.2,909.00","Rs.4,800.00",-39%,In Stock,https://telex.pk/products/hoco-hc1-trendy-sound-5w-ipx5-portable-bluetooth-speaker,https://cdn.shopify.com/s/files/1/0830/0897/9164/files/GazlaN3g6F.jpg?v=1788158996,telex_output/images/499_HOCO_HC1_Trendy_Sound_5W_IPX5_Portable_Bluetooth_Speaker.jpg
HOCO US08 4K 60Hz High-Speed HDTV to HDTV Cable 3M,POWER ZONE,"Rs.1,219.00","Rs.1,900.00",-36%,In Stock,https://telex.pk/products/hoco-us08-4k-60hz-high-speed-hdtv-to-hdtv-cable-3m,https://cdn.shopify.com/s/files/1/0830/0897/9164/files/D6ZVMC1PTt.webp?v=1788158991,telex_output/images/500_HOCO_US08_4K_60Hz_High-Speed_HDTV_to_HDTV_Cable_3M.webp
HOCO EQ5 Energy ANC ENC TWS Wireless Earbuds BT 5.3,POWER ZONE,"Rs.4,049.00","Rs.5,500.00",-26%,In Stock,https://telex.pk/products/hoco-eq5-energy-anc-enc-tws-wireless-earbuds-bt-5-3,https://cdn.shopify.com/s/files/1/0830/0897/9164/files/RMmCzaBXxF.webp?v=1788165108,telex_output/images/501_HOCO_EQ5_Energy_ANC_ENC_TWS_Wireless_Earbuds_BT_5.3.webp
HOCO EW98 ANC AI Translation Bluetooth 6.0 TWS Earbuds,POWER ZONE,"Rs.4,049.00","Rs.5,500.00",-26%,In Stock,https://telex.pk/products/hoco-ew98-anc-ai-translation-bluetooth-6-0-tws-earbuds,https://cdn.shopify.com/s/files/1/0830/0897/9164/files/vgo1uAZvNH.webp?v=1788165112,telex_output/images/502_HOCO_EW98_ANC_AI_Translation_Bluetooth_6.0_TWS_Earbuds.webp
HOCO M101 Pro Type-C Crystal Sound Wired Earphones with Mic,POWER ZONE,Rs.879.00,"Rs.1,300.00",-32%,In Stock,https://telex.pk/products/hoco-m101-pro-type-c-crystal-sound-wired-earphones-with-mic,https://cdn.shopify.com/s/files/1/0830/0897/9164/files/dL3uFTgtmn.webp?v=1788165116,telex_output/images/503_HOCO_M101_Pro_Type-C_Crystal_Sound_Wired_Earphones_with_Mic.webp
HOCO UPA21 2-in-1 3.5mm Male to Dual Female Audio Splitter Cable,POWER ZONE,Rs.609.00,"Rs.1,200.00",-49%,In Stock,https://telex.pk/products/hoco-upa21-2-in-1-3-5mm-male-to-dual-female-audio-splitter-cable,https://cdn.shopify.com/s/files/1/0830/0897/9164/files/NwGNoKrGfI.webp?v=1788158366,telex_output/images/504_HOCO_UPA21_2-in-1_3.5mm_Male_to_Dual_Female_Audio_Splitter_Cable.webp
HOCO UPA21 3.5mm Female to Dual 3.5mm Male (Headphone + Mic) Y-Splitter Audio Adapter Cable (25cm),POWER ZONE,Rs.609.00,"Rs.1,200.00",-49%,In Stock,https://telex.pk/products/hoco-upa21-3-5mm-female-to-dual-3-5mm-male-headphone-mic-y-splitter-audio-adapter-cable-25cm,https://cdn.shopify.com/s/files/1/0830/0897/9164/files/LkjVEUXOpB.webp?v=1788158398,telex_output/images/505_HOCO_UPA21_3.5mm_Female_to_Dual_3.5mm_Male__Headphone___Mic__Y-Splitter_Audio_Ad.webp
HOCO D100 1080P Full HD Webcam with Built-in Microphone,POWER ZONE,"Rs.6,079.00","Rs.7,500.00",-19%,In Stock,https://telex.pk/products/hoco-d100-1080p-full-hd-webcam-with-built-in-microphone,https://cdn.shopify.com/s/files/1/0830/0897/9164/files/tlqdl5Pm6h.webp?v=1788165576,telex_output/images/506_HOCO_D100_1080P_Full_HD_Webcam_with_Built-in_Microphone.webp
HOCO HB52 Wow 8 in 1 Type-C Hub 4K 60Hz PD100W RJ45,POWER ZONE,"Rs.5,669.00","Rs.7,000.00",-19%,In Stock,https://telex.pk/products/hoco-hb52-wow-8-in-1-type-c-hub-4k-60hz-pd100w-rj45,https://cdn.shopify.com/s/files/1/0830/0897/9164/files/HtQBfyeAB8.webp?v=1788436392,telex_output/images/507_HOCO_HB52_Wow_8_in_1_Type-C_Hub_4K_60Hz_PD100W_RJ45.webp
HOCO AC5 Level Universal Conversion Travel Adapter Dual USB,POWER ZONE,"Rs.2,969.00","Rs.3,800.00",-22%,In Stock,https://telex.pk/products/hoco-ac5-level-universal-conversion-travel-adapter-dual-usb,https://cdn.shopify.com/s/files/1/0830/0897/9164/files/HhmHeE4FBk.webp?v=1788165588,telex_output/images/508_HOCO_AC5_Level_Universal_Conversion_Travel_Adapter_Dual_USB.webp
HOCO CS14 Ocean PD 20W Dual Port Fast Wall Charger Type C QC3.0,POWER ZONE,"Rs.1,149.00","Rs.1,600.00",-28%,In Stock,https://telex.pk/products/hoco-cs14-ocean-pd-20w-dual-port-fast-wall-charger-type-c-qc3-0,https://cdn.shopify.com/s/files/1/0830/0897/9164/files/aJ5y7DZRl3.webp?v=1788165593,telex_output/images/509_HOCO_CS14_Ocean_PD_20W_Dual_Port_Fast_Wall_Charger_Type_C_QC3.0.webp
HOCO UPA20 3.5mm Male to Female Audio Extension Cable 2M,POWER ZONE,Rs.609.00,"Rs.1,200.00",-49%,In Stock,https://telex.pk/products/hoco-upa20-3-5mm-male-to-female-audio-extension-cable-2m,https://cdn.shopify.com/s/files/1/0830/0897/9164/files/xqR27aUbUr.webp?v=1788158728,telex_output/images/510_HOCO_UPA20_3.5mm_Male_to_Female_Audio_Extension_Cable_2M.webp
HOCO UA27 HD Type-C to HDMI 4K 30Hz Cable,POWER ZONE,"Rs.2,429.00","Rs.3,500.00",-31%,In Stock,https://telex.pk/products/hoco-ua27-hd-type-c-to-hdmi-4k-30hz-cable,https://cdn.shopify.com/s/files/1/0830/0897/9164/files/Q2Y6WOC3d2.webp?v=1788158737,telex_output/images/511_HOCO_UA27_HD_Type-C_to_HDMI_4K_30Hz_Cable.webp
HOCO X102 Fresh 3-in-1 Fast Charging Cable 1M,POWER ZONE,Rs.879.00,"Rs.1,500.00",-41%,In Stock,https://telex.pk/products/hoco-x102-fresh-3-in-1-fast-charging-cable-1m,https://cdn.shopify.com/s/files/1/0830/0897/9164/files/LePOoLQOWf.webp?v=1788158991,telex_output/images/512_HOCO_X102_Fresh_3-in-1_Fast_Charging_Cable_1M.webp
HOCO X102 Fresh 2.4A Micro-USB Fast Charging Cable 1M,POWER ZONE,Rs.539.00,Rs.900.00,-40%,In Stock,https://telex.pk/products/hoco-x102-fresh-2-4a-micro-usb-fast-charging-cable-1m,https://cdn.shopify.com/s/files/1/0830/0897/9164/files/Uurhgsf2Ue.jpg?v=1788158991,telex_output/images/513_HOCO_X102_Fresh_2.4A_Micro-USB_Fast_Charging_Cable_1M.jpg
HOCO X59 Victory 60W Type-C to Type-C Fast Charging Cable,POWER ZONE,Rs.809.00,"Rs.1,500.00",-46%,In Stock,https://telex.pk/products/hoco-x59-victory-60w-type-c-to-type-c-fast-charging-cable,https://cdn.shopify.com/s/files/1/0830/0897/9164/files/mKCk0bYAJm.webp?v=1788158991,telex_output/images/514_HOCO_X59_Victory_60W_Type-C_to_Type-C_Fast_Charging_Cable.webp
HOCO X50 Exquisito 100W Type-C to Type-C Fast Charging Cable 2M,POWER ZONE,"Rs.1,219.00","Rs.1,900.00",-36%,In Stock,https://telex.pk/products/hoco-x50-exquisito-100w-type-c-to-type-c-fast-charging-cable-2m,https://cdn.shopify.com/s/files/1/0830/0897/9164/files/bEULPaojmG.webp?v=1788158991,telex_output/images/515_HOCO_X50_Exquisito_100W_Type-C_to_Type-C_Fast_Charging_Cable_2M.webp
HOCO X50 Exquisito 100W Type-C to Type-C Fast Charging Cable 1M,POWER ZONE,"Rs.1,079.00","Rs.1,800.00",-40%,In Stock,https://telex.pk/products/hoco-x50-exquisito-100w-type-c-to-type-c-fast-charging-cable-1m,https://cdn.shopify.com/s/files/1/0830/0897/9164/files/Ak4VRp5mbS.webp?v=1788164641,telex_output/images/516_HOCO_X50_Exquisito_100W_Type-C_to_Type-C_Fast_Charging_Cable_1M.webp
HOCO X123 Victory 3-in-1 Fast Charging Cable 1,POWER ZONE,"Rs.1,019.00","Rs.1,900.00",-46%,In Stock,https://telex.pk/products/hoco-x123-victory-3-in-1-fast-charging-cable-1,https://cdn.shopify.com/s/files/1/0830/0897/9164/files/xklgaxN0wr.jpg?v=1788158991,telex_output/images/517_HOCO_X123_Victory_3-in-1_Fast_Charging_Cable_1.jpg
HOCO HC10 Sonar Portable Wireless Bluetooth Speaker 1200mAh,POWER ZONE,"Rs.3,919.00","Rs.4,800.00",-18%,In Stock,https://telex.pk/products/hoco-hc10-sonar-portable-wireless-bluetooth-speaker-1200mah,https://cdn.shopify.com/s/files/1/0830/0897/9164/files/CmpE4lq6xt.jpg?v=1788164412,telex_output/images/518_HOCO_HC10_Sonar_Portable_Wireless_Bluetooth_Speaker_1200mAh.jpg
HOCO BS51 Gold Brick 5W Portable Wireless Bluetooth Speaker,POWER ZONE,"Rs.3,379.00","Rs.4,500.00",-25%,In Stock,https://telex.pk/products/hoco-bs51-gold-brick-5w-portable-wireless-bluetooth-speaker,https://cdn.shopify.com/s/files/1/0830/0897/9164/files/csqU7bgUjj.webp?v=1788164421,telex_output/images/519_HOCO_BS51_Gold_Brick_5W_Portable_Wireless_Bluetooth_Speaker.webp
HOCO BS60 Exploring 5W Wireless Sports Bluetooth Speaker,POWER ZONE,"Rs.2,699.00","Rs.3,800.00",-29%,In Stock,https://telex.pk/products/hoco-bs60-exploring-5w-wireless-sports-bluetooth-speaker,https://cdn.shopify.com/s/files/1/0830/0897/9164/files/H6TkNb0qHQ.jpg?v=1788164428,telex_output/images/520_HOCO_BS60_Exploring_5W_Wireless_Sports_Bluetooth_Speaker.jpg
HOCO CS13 Ocean PD 20W Type-C Fast Wall Charger Adapter,POWER ZONE,Rs.949.00,"Rs.1,600.00",-41%,In Stock,https://telex.pk/products/hoco-cs13-ocean-pd-20w-type-c-fast-wall-charger-adapter,https://cdn.shopify.com/s/files/1/0830/0897/9164/files/SwUyUfIcVg.webp?v=1788168200,telex_output/images/521_HOCO_CS13_Ocean_PD_20W_Type-C_Fast_Wall_Charger_Adapter.webp
HOCO N40 Mighty PD 20W Single Port Type-C Fast Wall Charger,POWER ZONE,"Rs.1,889.00","Rs.2,600.00",-27%,In Stock,https://telex.pk/products/hoco-n40-mighty-pd-20w-single-port-type-c-fast-wall-charger,https://cdn.shopify.com/s/files/1/0830/0897/9164/files/6R5SSNvx17.webp?v=1788168203,telex_output/images/522_HOCO_N40_Mighty_PD_20W_Single_Port_Type-C_Fast_Wall_Charger.webp
HOCO CW6 Pro 15W Fast Wireless Charger Aluminum Alloy Pad,POWER ZONE,"Rs.2,029.00","Rs.3,000.00",-32%,In Stock,https://telex.pk/products/hoco-cw6-pro-15w-fast-wireless-charger-aluminum-alloy-pad,https://cdn.shopify.com/s/files/1/0830/0897/9164/files/q7uyKH4VJy.webp?v=1788436253,telex_output/images/523_HOCO_CW6_Pro_15W_Fast_Wireless_Charger_Aluminum_Alloy_Pad.webp
HOCO CS26A 45W 3-Port Fast Wall Charger 2x Type C + USB-A,POWER ZONE,"Rs.2,159.00","Rs.3,000.00",-28%,In Stock,https://telex.pk/products/hoco-cs26a-45w-3-port-fast-wall-charger-2x-type-c-usb-a,https://cdn.shopify.com/s/files/1/0830/0897/9164/files/Y7KuTgmAXX.webp?v=1788168207,telex_output/images/524_HOCO_CS26A_45W_3-Port_Fast_Wall_Charger_2x_Type_C___USB-A.webp
Hoco E100 Graceful Anti-Lost Smart Tracker for iOS,POWER ZONE,"Rs.2,699.00","Rs.4,000.00",-33%,In Stock,https://telex.pk/products/hoco-e100-graceful-anti-lost-smart-tracker-for-ios,https://cdn.shopify.com/s/files/1/0830/0897/9164/files/e6cHISLSHK.webp?v=1788168336,telex_output/images/525_Hoco_E100_Graceful_Anti-Lost_Smart_Tracker_for_iOS.webp
Audionic Spark Pro S-200 Power Bank 20000mAh,Audionic,"Rs.4,299.00","Rs.6,000.00",-28%,In Stock,https://telex.pk/products/audionic-spark-pro-s-200-power-bank-20000mah,https://cdn.shopify.com/s/files/1/0830/0897/9164/files/103-min_1d396330-5a23-494b-9059-b195bca16357.webp?v=1788431212,telex_output/images/526_Audionic_Spark_Pro_S-200_Power_Bank_20000mAh.webp
Apple USB-C Power Adapter (20W),Apple,"Rs.6,099.00","Rs.6,999.00",-13%,In Stock,https://telex.pk/products/apple-usb-c-power-adapter-20w,https://cdn.shopify.com/s/files/1/0830/0897/9164/files/lg_XiBv2RbYX0u2TrGVjp277n3zprPlWYuBTCzeB7Ww.jpg?v=1783336336,telex_output/images/527_Apple_USB-C_Power_Adapter__20W_.jpg
Anker Charger 20W Compact 3 Pin,Anker,"Rs.3,499.00","Rs.5,000.00",-30%,In Stock,https://telex.pk/products/anker-charger-20w-compact-3-pin,https://cdn.shopify.com/s/files/1/0830/0897/9164/files/anker-select-charger-20w-3-pin-pakistan-priceoye-vbsqt-500x500.webp?v=1789026338,telex_output/images/528_Anker_Charger_20W_Compact_3_Pin.webp
Anker Nano Charger (100W) with USB-C Cable,Anker,"Rs.10,999.00","Rs.15,500.00",-29%,In Stock,https://telex.pk/products/anker-nano-charger-100w-with-usb-c-cable,https://cdn.shopify.com/s/files/1/0830/0897/9164/files/Untitled-102as2.webp?v=1789027591,telex_output/images/529_Anker_Nano_Charger__100W__with_USB-C_Cable.webp
Anker PowerDrive 30W Dual Port Car Charger,Anker,"Rs.3,649.00","Rs.5,500.00",-34%,In Stock,https://telex.pk/products/anker-powerdrive-30w-dual-port-car-charger,https://cdn.shopify.com/s/files/1/0830/0897/9164/files/Anker-A2741.webp?v=1789028186,telex_output/images/530_Anker_PowerDrive_30W_Dual_Port_Car_Charger.webp
Anker Nano Travel Adapter 5-in-1 20W,Anker,"Rs.8,299.00","Rs.12,000.00",-31%,In Stock,https://telex.pk/products/anker-nano-travel-adapter-5-in-1-20w,https://cdn.shopify.com/s/files/1/0830/0897/9164/files/download-12-1300x1300.webp?v=1789030318,telex_output/images/531_Anker_Nano_Travel_Adapter_5-in-1_20W.webp
Lenovo HE05 Original Wireless Neckband,Liberty store,"Rs.1,180.00","Rs.2,400.00",-51%,In Stock,https://telex.pk/products/earbuds-lenovo-he05-original-wireless-fast-connection-long-battery-life,https://cdn.shopify.com/s/files/1/0830/0897/9164/files/A3Ps6c6ume.jpg?v=1789104582,telex_output/images/532_Lenovo_HE05_Original_Wireless_Neckband.jpg
R1s Bluetooth Selfie Sticks with Remote and Selfie Light 3-in-1 Multifunctional Selfie Stick Tripod Stand Mobile Stand Compatible with All Phones 360° Rotation Long Selfie Stick with LED Fill Light,Liberty store,"Rs.1,199.00","Rs.2,500.00",-52%,In Stock,https://telex.pk/products/r1s-bluetooth-selfie-sticks-with-remote-and-selfie-light-3-in-1-multifunctional-selfie-stick-tripod-stand-mobile-stand-compatible-with-all-phones-360-rotation-long-selfie-stick-with-led-fill-light,https://cdn.shopify.com/s/files/1/0830/0897/9164/files/sCmp2jh5j8.jpg?v=1789104705,telex_output/images/533_R1s_Bluetooth_Selfie_Sticks_with_Remote_and_Selfie_Light_3-in-1_Multifunctional_.jpg
BUY 1 GET 1 FREE FREE Mobile Phone Signal Booster – Better Calls & Internet LIMITED OFFER,Liberty store,Rs.475.00,Rs.699.00,-32%,In Stock,https://telex.pk/products/buy-1-get-1-free-free-mobile-phone-signal-booster-better-calls-internet-limited-offer,https://cdn.shopify.com/s/files/1/0830/0897/9164/files/emaVYtPSjH.jpg?v=1789105064,telex_output/images/534_BUY_1_GET_1_FREE_FREE_Mobile_Phone_Signal_Booster___Better_Calls___Internet_LIMI.jpg
"Type C Smart Auto Stop Charging Adapter, Auto Disconnect Charger – Portable USB Charger Automatically Stops When Fully Charged, Overcharge Protection",Wholetraders,"Rs.1,740.00","Rs.2,300.00",-24%,In Stock,https://telex.pk/products/type-c-smart-auto-stop-charging-adapter-auto-disconnect-charger-portable-usb-charger-automatically-stops-when-fully-charged-overcharge-protection,https://cdn.shopify.com/s/files/1/0830/0897/9164/files/pYa9dwnpeE.jpg?v=1789220047,telex_output/images/535_Type_C_Smart_Auto_Stop_Charging_Adapter__Auto_Disconnect_Charger___Portable_USB_.jpg
Infinix MagPower XP03 3000mAh Magnetic Wireless Power Bank | 15W Wireless & 12W Type-C Fast Charging | Portable Magnetic Charger,SnapCharge,"Rs.1,999.00","Rs.4,000.00",-50%,In Stock,https://telex.pk/products/infinix-magpower-xp03-3000mah-magnetic-wireless-power-bank-15w-wireless-12w-type-c-fast-charging-portable-magnetic-charger,https://cdn.shopify.com/s/files/1/0830/0897/9164/files/KiMOruFuXW.jpg?v=1789372470,telex_output/images/536_Infinix_MagPower_XP03_3000mAh_Magnetic_Wireless_Power_Bank___15W_Wireless___12W_.jpg
Dimiqi 5000mAh Wireless Power Bank Fast Charging Portable Charger,SnapCharge,"Rs.2,999.00","Rs.5,000.00",-40%,In Stock,https://telex.pk/products/dimiqi-5000mah-wireless-power-bank-fast-charging-portable-charger,https://cdn.shopify.com/s/files/1/0830/0897/9164/files/POhSgfvJzU.jpg?v=1789372857,telex_output/images/537_Dimiqi_5000mAh_Wireless_Power_Bank_Fast_Charging_Portable_Charger.jpg
"Infinix XP05 5000mAh Power Go Power Bank – Type-C & USB Dual Ports, Fast Charging, Portable Charger",SnapCharge,"Rs.1,499.00","Rs.3,000.00",-50%,In Stock,https://telex.pk/products/infinix-xp05-5000mah-power-go-power-bank-type-c-usb-dual-ports-fast-charging-portable-charger,https://cdn.shopify.com/s/files/1/0830/0897/9164/files/Wj15t7pu5L.jpg?v=1789372893,telex_output/images/538_Infinix_XP05_5000mAh_Power_Go_Power_Bank___Type-C___USB_Dual_Ports__Fast_Chargin.jpg
MagPower XP06 Pro Turbo 5000mAh Magnetic Wireless Power Bank with Cooling Fan | 20W Fast Charging |,SnapCharge,"Rs.5,000.00","Rs.8,000.00",-38%,In Stock,https://telex.pk/products/magpower-xp06-pro-turbo-5000mah-magnetic-wireless-power-bank-with-cooling-fan-20w-fast-charging,https://cdn.shopify.com/s/files/1/0830/0897/9164/files/IVJDQo9yQp.jpg?v=1789373050,telex_output/images/539_MagPower_XP06_Pro_Turbo_5000mAh_Magnetic_Wireless_Power_Bank_with_Cooling_Fan___.jpg
Samsung 25W PD Adapter USB-C Fast Charger,SA Elite STORE - SA Watches & Wallets,"Rs.2,499.00","Rs.3,499.00",-29%,In Stock,https://telex.pk/products/samsung-25w-pd-adapter-usb-c-fast-charger,https://cdn.shopify.com/s/files/1/0830/0897/9164/files/ujQmJSchav.jpg?v=1789378656,telex_output/images/540_Samsung_25W_PD_Adapter_USB-C_Fast_Charger.jpg
Honor T10 Dual Sim with Official Warranty,Telemart,"Rs.32,349.00","Rs.40,000.00",-19%,In Stock,https://telex.pk/products/honor-t10-dual-sim-with-official-warranty,https://cdn.shopify.com/s/files/1/0830/0897/9164/files/honor-t10-pakistan-priceoye-0zoa5-500x500.webp?v=1789380389,telex_output/images/541_Honor_T10_Dual_Sim_with_Official_Warranty.webp
Xiaomi Redmi Note 13 Pro Dual Sim with Official Warranty,Xiaomi,"Rs.74,499.00","Rs.105,000.00",-29%,In Stock,https://telex.pk/products/xiaomi-redmi-note-13-pro-dual-sim-with-official-warranty,https://cdn.shopify.com/s/files/1/0830/0897/9164/files/xiaomi-redmi-note-13-pro-pakistan-priceoye-8zikv-500x500.webp?v=1789448196,telex_output/images/542_Xiaomi_Redmi_Note_13_Pro_Dual_Sim_with_Official_Warranty.webp
Metal Bike Mobile Holder with USB Charger | Heavy Duty Motorcycle Phone Holder | Universal Handle Bar Mount All Phones Mobile Holder Adjustable Mobile Holder Riding Mobile Holder Long Ride Mobile Holder,Mle Bikes,"Rs.1,099.00","Rs.1,499.00",-27%,In Stock,https://telex.pk/products/metal-bike-mobile-holder-with-usb-charger-heavy-duty-motorcycle-phone-holder-universal-handle-bar-mount-all-phones-mobile-holder-adjustable-mobile-holder-riding-mobile-holder-long-ride-mobile-holder,https://cdn.shopify.com/s/files/1/0830/0897/9164/files/2RbJJtdZzC.jpg?v=1789021098,telex_output/images/543_Metal_Bike_Mobile_Holder_with_USB_Charger___Heavy_Duty_Motorcycle_Phone_Holder__.jpg
